
hello_world.o:     file format elf32-littleriscv


Disassembly of section .text.init:

80000000 <_start>:
80000000:	4081                	li	ra,0
80000002:	4101                	li	sp,0
80000004:	4181                	li	gp,0
80000006:	4201                	li	tp,0
80000008:	4281                	li	t0,0
8000000a:	4301                	li	t1,0
8000000c:	4381                	li	t2,0
8000000e:	4401                	li	s0,0
80000010:	4481                	li	s1,0
80000012:	4501                	li	a0,0
80000014:	4581                	li	a1,0
80000016:	4601                	li	a2,0
80000018:	4681                	li	a3,0
8000001a:	4701                	li	a4,0
8000001c:	4781                	li	a5,0
8000001e:	4801                	li	a6,0
80000020:	4881                	li	a7,0
80000022:	4901                	li	s2,0
80000024:	4981                	li	s3,0
80000026:	4a01                	li	s4,0
80000028:	4a81                	li	s5,0
8000002a:	4b01                	li	s6,0
8000002c:	4b81                	li	s7,0
8000002e:	4c01                	li	s8,0
80000030:	4c81                	li	s9,0
80000032:	4d01                	li	s10,0
80000034:	4d81                	li	s11,0
80000036:	4e01                	li	t3,0
80000038:	4e81                	li	t4,0
8000003a:	4f01                	li	t5,0
8000003c:	4f81                	li	t6,0
8000003e:	62f9                	lui	t0,0x1e
80000040:	3002a073          	csrs	mstatus,t0
80000044:	4285                	li	t0,1
80000046:	02fe                	sll	t0,t0,0x1f
80000048:	0002c863          	bltz	t0,80000058 <_start+0x58>
8000004c:	4505                	li	a0,1
8000004e:	00001297          	auipc	t0,0x1
80000052:	faa2a923          	sw	a0,-78(t0) # 80001000 <tohost>
80000056:	bfdd                	j	8000004c <_start+0x4c>
80000058:	00000297          	auipc	t0,0x0
8000005c:	03828293          	add	t0,t0,56 # 80000090 <trap_entry>
80000060:	30529073          	csrw	mtvec,t0
80000064:	00006197          	auipc	gp,0x6
80000068:	79c18193          	add	gp,gp,1948 # 80006800 <__global_pointer$>
8000006c:	87f18213          	add	tp,gp,-1921 # 8000607f <_end+0x3f>
80000070:	fc027213          	and	tp,tp,-64
80000074:	f1402573          	csrr	a0,mhartid
80000078:	4585                	li	a1,1
8000007a:	00b57063          	bgeu	a0,a1,8000007a <_start+0x7a>
8000007e:	00150113          	add	sp,a0,1
80000082:	0146                	sll	sp,sp,0x11
80000084:	9112                	add	sp,sp,tp
80000086:	01151613          	sll	a2,a0,0x11
8000008a:	9232                	add	tp,tp,a2
8000008c:	64e0306f          	j	800036da <_init>

80000090 <trap_entry>:
80000090:	716d                	add	sp,sp,-272
80000092:	c206                	sw	ra,4(sp)
80000094:	c40a                	sw	sp,8(sp)
80000096:	c60e                	sw	gp,12(sp)
80000098:	c812                	sw	tp,16(sp)
8000009a:	ca16                	sw	t0,20(sp)
8000009c:	cc1a                	sw	t1,24(sp)
8000009e:	ce1e                	sw	t2,28(sp)
800000a0:	d022                	sw	s0,32(sp)
800000a2:	d226                	sw	s1,36(sp)
800000a4:	d42a                	sw	a0,40(sp)
800000a6:	d62e                	sw	a1,44(sp)
800000a8:	d832                	sw	a2,48(sp)
800000aa:	da36                	sw	a3,52(sp)
800000ac:	dc3a                	sw	a4,56(sp)
800000ae:	de3e                	sw	a5,60(sp)
800000b0:	c0c2                	sw	a6,64(sp)
800000b2:	c2c6                	sw	a7,68(sp)
800000b4:	c4ca                	sw	s2,72(sp)
800000b6:	c6ce                	sw	s3,76(sp)
800000b8:	c8d2                	sw	s4,80(sp)
800000ba:	cad6                	sw	s5,84(sp)
800000bc:	ccda                	sw	s6,88(sp)
800000be:	cede                	sw	s7,92(sp)
800000c0:	d0e2                	sw	s8,96(sp)
800000c2:	d2e6                	sw	s9,100(sp)
800000c4:	d4ea                	sw	s10,104(sp)
800000c6:	d6ee                	sw	s11,108(sp)
800000c8:	d8f2                	sw	t3,112(sp)
800000ca:	daf6                	sw	t4,116(sp)
800000cc:	dcfa                	sw	t5,120(sp)
800000ce:	defe                	sw	t6,124(sp)
800000d0:	34202573          	csrr	a0,mcause
800000d4:	341025f3          	csrr	a1,mepc
800000d8:	860a                	mv	a2,sp
800000da:	4e4030ef          	jal	800035be <handle_trap>
800000de:	34151073          	csrw	mepc,a0
800000e2:	6289                	lui	t0,0x2
800000e4:	80028293          	add	t0,t0,-2048 # 1800 <buflen.2+0x1780>
800000e8:	3002a073          	csrs	mstatus,t0
800000ec:	4092                	lw	ra,4(sp)
800000ee:	4122                	lw	sp,8(sp)
800000f0:	41b2                	lw	gp,12(sp)
800000f2:	4242                	lw	tp,16(sp)
800000f4:	42d2                	lw	t0,20(sp)
800000f6:	4362                	lw	t1,24(sp)
800000f8:	43f2                	lw	t2,28(sp)
800000fa:	5402                	lw	s0,32(sp)
800000fc:	5492                	lw	s1,36(sp)
800000fe:	5522                	lw	a0,40(sp)
80000100:	55b2                	lw	a1,44(sp)
80000102:	5642                	lw	a2,48(sp)
80000104:	56d2                	lw	a3,52(sp)
80000106:	5762                	lw	a4,56(sp)
80000108:	57f2                	lw	a5,60(sp)
8000010a:	4806                	lw	a6,64(sp)
8000010c:	4896                	lw	a7,68(sp)
8000010e:	4926                	lw	s2,72(sp)
80000110:	49b6                	lw	s3,76(sp)
80000112:	4a46                	lw	s4,80(sp)
80000114:	4ad6                	lw	s5,84(sp)
80000116:	4b66                	lw	s6,88(sp)
80000118:	4bf6                	lw	s7,92(sp)
8000011a:	5c06                	lw	s8,96(sp)
8000011c:	5c96                	lw	s9,100(sp)
8000011e:	5d26                	lw	s10,104(sp)
80000120:	5db6                	lw	s11,108(sp)
80000122:	5e46                	lw	t3,112(sp)
80000124:	5ed6                	lw	t4,116(sp)
80000126:	5f66                	lw	t5,120(sp)
80000128:	5ff6                	lw	t6,124(sp)
8000012a:	6151                	add	sp,sp,272
8000012c:	30200073          	mret
80000130:	5501                	li	a0,-32
80000132:	a029                	j	8000013c <_exit>
80000134:	6cd020ef          	jal	80003000 <main>
80000138:	a011                	j	8000013c <_exit>
8000013a:	a009                	j	8000013c <_exit>

8000013c <_exit>:
8000013c:	0506                	sll	a0,a0,0x1
8000013e:	0505                	add	a0,a0,1
80000140:	00001f17          	auipc	t5,0x1
80000144:	ecaf2023          	sw	a0,-320(t5) # 80001000 <tohost>
80000148:	0001                	nop
8000014a:	a001                	j	8000014a <_exit+0xe>
	...

Disassembly of section .text:

80003000 <main>:
80003000:	7179                	add	sp,sp,-48
80003002:	d606                	sw	ra,44(sp)
80003004:	d422                	sw	s0,40(sp)
80003006:	1800                	add	s0,sp,48
80003008:	fca42e23          	sw	a0,-36(s0)
8000300c:	fcb42c23          	sw	a1,-40(s0)
80003010:	4581                	li	a1,0
80003012:	00002517          	auipc	a0,0x2
80003016:	fee50513          	add	a0,a0,-18 # 80005000 <_end_text>
8000301a:	675000ef          	jal	80003e8e <printf>
8000301e:	fe042623          	sw	zero,-20(s0)
80003022:	fe042423          	sw	zero,-24(s0)
80003026:	a829                	j	80003040 <main+0x40>
80003028:	fec42703          	lw	a4,-20(s0)
8000302c:	fe842783          	lw	a5,-24(s0)
80003030:	97ba                	add	a5,a5,a4
80003032:	fef42623          	sw	a5,-20(s0)
80003036:	fe842783          	lw	a5,-24(s0)
8000303a:	0785                	add	a5,a5,1
8000303c:	fef42423          	sw	a5,-24(s0)
80003040:	fe842703          	lw	a4,-24(s0)
80003044:	4791                	li	a5,4
80003046:	fee7d1e3          	bge	a5,a4,80003028 <main+0x28>
8000304a:	4781                	li	a5,0
8000304c:	853e                	mv	a0,a5
8000304e:	50b2                	lw	ra,44(sp)
80003050:	5422                	lw	s0,40(sp)
80003052:	6145                	add	sp,sp,48
80003054:	8082                	ret

80003056 <verify>:
80003056:	7139                	add	sp,sp,-64
80003058:	de22                	sw	s0,60(sp)
8000305a:	0080                	add	s0,sp,64
8000305c:	fca42623          	sw	a0,-52(s0)
80003060:	fcb42423          	sw	a1,-56(s0)
80003064:	fcc42223          	sw	a2,-60(s0)
80003068:	fe042623          	sw	zero,-20(s0)
8000306c:	a041                	j	800030ec <verify+0x96>
8000306e:	fec42783          	lw	a5,-20(s0)
80003072:	078a                	sll	a5,a5,0x2
80003074:	fc842703          	lw	a4,-56(s0)
80003078:	97ba                	add	a5,a5,a4
8000307a:	439c                	lw	a5,0(a5)
8000307c:	fef42423          	sw	a5,-24(s0)
80003080:	fec42783          	lw	a5,-20(s0)
80003084:	0785                	add	a5,a5,1
80003086:	078a                	sll	a5,a5,0x2
80003088:	fc842703          	lw	a4,-56(s0)
8000308c:	97ba                	add	a5,a5,a4
8000308e:	439c                	lw	a5,0(a5)
80003090:	fef42223          	sw	a5,-28(s0)
80003094:	fec42783          	lw	a5,-20(s0)
80003098:	078a                	sll	a5,a5,0x2
8000309a:	fc442703          	lw	a4,-60(s0)
8000309e:	97ba                	add	a5,a5,a4
800030a0:	439c                	lw	a5,0(a5)
800030a2:	fef42023          	sw	a5,-32(s0)
800030a6:	fec42783          	lw	a5,-20(s0)
800030aa:	0785                	add	a5,a5,1
800030ac:	078a                	sll	a5,a5,0x2
800030ae:	fc442703          	lw	a4,-60(s0)
800030b2:	97ba                	add	a5,a5,a4
800030b4:	439c                	lw	a5,0(a5)
800030b6:	fcf42e23          	sw	a5,-36(s0)
800030ba:	fe842703          	lw	a4,-24(s0)
800030be:	fe042783          	lw	a5,-32(s0)
800030c2:	00f70663          	beq	a4,a5,800030ce <verify+0x78>
800030c6:	fec42783          	lw	a5,-20(s0)
800030ca:	0785                	add	a5,a5,1
800030cc:	a89d                	j	80003142 <verify+0xec>
800030ce:	fe442703          	lw	a4,-28(s0)
800030d2:	fdc42783          	lw	a5,-36(s0)
800030d6:	00f70663          	beq	a4,a5,800030e2 <verify+0x8c>
800030da:	fec42783          	lw	a5,-20(s0)
800030de:	0789                	add	a5,a5,2
800030e0:	a08d                	j	80003142 <verify+0xec>
800030e2:	fec42783          	lw	a5,-20(s0)
800030e6:	0789                	add	a5,a5,2
800030e8:	fef42623          	sw	a5,-20(s0)
800030ec:	fcc42783          	lw	a5,-52(s0)
800030f0:	01f7d713          	srl	a4,a5,0x1f
800030f4:	97ba                	add	a5,a5,a4
800030f6:	8785                	sra	a5,a5,0x1
800030f8:	0786                	sll	a5,a5,0x1
800030fa:	fec42703          	lw	a4,-20(s0)
800030fe:	f6f748e3          	blt	a4,a5,8000306e <verify+0x18>
80003102:	fcc42783          	lw	a5,-52(s0)
80003106:	8b85                	and	a5,a5,1
80003108:	cf85                	beqz	a5,80003140 <verify+0xea>
8000310a:	fcc42703          	lw	a4,-52(s0)
8000310e:	400007b7          	lui	a5,0x40000
80003112:	17fd                	add	a5,a5,-1 # 3fffffff <buflen.2+0x3fffff7f>
80003114:	97ba                	add	a5,a5,a4
80003116:	078a                	sll	a5,a5,0x2
80003118:	fc842703          	lw	a4,-56(s0)
8000311c:	97ba                	add	a5,a5,a4
8000311e:	4398                	lw	a4,0(a5)
80003120:	fcc42683          	lw	a3,-52(s0)
80003124:	400007b7          	lui	a5,0x40000
80003128:	17fd                	add	a5,a5,-1 # 3fffffff <buflen.2+0x3fffff7f>
8000312a:	97b6                	add	a5,a5,a3
8000312c:	078a                	sll	a5,a5,0x2
8000312e:	fc442683          	lw	a3,-60(s0)
80003132:	97b6                	add	a5,a5,a3
80003134:	439c                	lw	a5,0(a5)
80003136:	00f70563          	beq	a4,a5,80003140 <verify+0xea>
8000313a:	fcc42783          	lw	a5,-52(s0)
8000313e:	a011                	j	80003142 <verify+0xec>
80003140:	4781                	li	a5,0
80003142:	853e                	mv	a0,a5
80003144:	5472                	lw	s0,60(sp)
80003146:	6121                	add	sp,sp,64
80003148:	8082                	ret

8000314a <verifyDouble>:
8000314a:	715d                	add	sp,sp,-80
8000314c:	c686                	sw	ra,76(sp)
8000314e:	c4a2                	sw	s0,72(sp)
80003150:	c2a6                	sw	s1,68(sp)
80003152:	0880                	add	s0,sp,80
80003154:	faa42e23          	sw	a0,-68(s0)
80003158:	fab42c23          	sw	a1,-72(s0)
8000315c:	fac42a23          	sw	a2,-76(s0)
80003160:	fe042623          	sw	zero,-20(s0)
80003164:	a8d1                	j	80003238 <verifyDouble+0xee>
80003166:	fec42783          	lw	a5,-20(s0)
8000316a:	078e                	sll	a5,a5,0x3
8000316c:	fb842703          	lw	a4,-72(s0)
80003170:	97ba                	add	a5,a5,a4
80003172:	4398                	lw	a4,0(a5)
80003174:	43dc                	lw	a5,4(a5)
80003176:	fee42023          	sw	a4,-32(s0)
8000317a:	fef42223          	sw	a5,-28(s0)
8000317e:	fec42783          	lw	a5,-20(s0)
80003182:	0785                	add	a5,a5,1
80003184:	078e                	sll	a5,a5,0x3
80003186:	fb842703          	lw	a4,-72(s0)
8000318a:	97ba                	add	a5,a5,a4
8000318c:	4398                	lw	a4,0(a5)
8000318e:	43dc                	lw	a5,4(a5)
80003190:	fce42c23          	sw	a4,-40(s0)
80003194:	fcf42e23          	sw	a5,-36(s0)
80003198:	fec42783          	lw	a5,-20(s0)
8000319c:	078e                	sll	a5,a5,0x3
8000319e:	fb442703          	lw	a4,-76(s0)
800031a2:	97ba                	add	a5,a5,a4
800031a4:	4398                	lw	a4,0(a5)
800031a6:	43dc                	lw	a5,4(a5)
800031a8:	fce42823          	sw	a4,-48(s0)
800031ac:	fcf42a23          	sw	a5,-44(s0)
800031b0:	fec42783          	lw	a5,-20(s0)
800031b4:	0785                	add	a5,a5,1
800031b6:	078e                	sll	a5,a5,0x3
800031b8:	fb442703          	lw	a4,-76(s0)
800031bc:	97ba                	add	a5,a5,a4
800031be:	4398                	lw	a4,0(a5)
800031c0:	43dc                	lw	a5,4(a5)
800031c2:	fce42423          	sw	a4,-56(s0)
800031c6:	fcf42623          	sw	a5,-52(s0)
800031ca:	4485                	li	s1,1
800031cc:	fd042603          	lw	a2,-48(s0)
800031d0:	fd442683          	lw	a3,-44(s0)
800031d4:	fe042503          	lw	a0,-32(s0)
800031d8:	fe442583          	lw	a1,-28(s0)
800031dc:	01f010ef          	jal	800049fa <__eqdf2>
800031e0:	87aa                	mv	a5,a0
800031e2:	c391                	beqz	a5,800031e6 <verifyDouble+0x9c>
800031e4:	4481                	li	s1,0
800031e6:	0ff4f793          	zext.b	a5,s1
800031ea:	fcf42223          	sw	a5,-60(s0)
800031ee:	4485                	li	s1,1
800031f0:	fc842603          	lw	a2,-56(s0)
800031f4:	fcc42683          	lw	a3,-52(s0)
800031f8:	fd842503          	lw	a0,-40(s0)
800031fc:	fdc42583          	lw	a1,-36(s0)
80003200:	7fa010ef          	jal	800049fa <__eqdf2>
80003204:	87aa                	mv	a5,a0
80003206:	c391                	beqz	a5,8000320a <verifyDouble+0xc0>
80003208:	4481                	li	s1,0
8000320a:	0ff4f793          	zext.b	a5,s1
8000320e:	fcf42023          	sw	a5,-64(s0)
80003212:	fc442703          	lw	a4,-60(s0)
80003216:	fc042783          	lw	a5,-64(s0)
8000321a:	8ff9                	and	a5,a5,a4
8000321c:	eb89                	bnez	a5,8000322e <verifyDouble+0xe4>
8000321e:	fec42783          	lw	a5,-20(s0)
80003222:	00178713          	add	a4,a5,1
80003226:	fc442783          	lw	a5,-60(s0)
8000322a:	97ba                	add	a5,a5,a4
8000322c:	a0bd                	j	8000329a <verifyDouble+0x150>
8000322e:	fec42783          	lw	a5,-20(s0)
80003232:	0789                	add	a5,a5,2
80003234:	fef42623          	sw	a5,-20(s0)
80003238:	fbc42783          	lw	a5,-68(s0)
8000323c:	01f7d713          	srl	a4,a5,0x1f
80003240:	97ba                	add	a5,a5,a4
80003242:	8785                	sra	a5,a5,0x1
80003244:	0786                	sll	a5,a5,0x1
80003246:	fec42703          	lw	a4,-20(s0)
8000324a:	f0f74ee3          	blt	a4,a5,80003166 <verifyDouble+0x1c>
8000324e:	fbc42783          	lw	a5,-68(s0)
80003252:	8b85                	and	a5,a5,1
80003254:	c3b1                	beqz	a5,80003298 <verifyDouble+0x14e>
80003256:	fbc42703          	lw	a4,-68(s0)
8000325a:	200007b7          	lui	a5,0x20000
8000325e:	17fd                	add	a5,a5,-1 # 1fffffff <buflen.2+0x1fffff7f>
80003260:	97ba                	add	a5,a5,a4
80003262:	078e                	sll	a5,a5,0x3
80003264:	fb842703          	lw	a4,-72(s0)
80003268:	97ba                	add	a5,a5,a4
8000326a:	4398                	lw	a4,0(a5)
8000326c:	43dc                	lw	a5,4(a5)
8000326e:	fbc42603          	lw	a2,-68(s0)
80003272:	200006b7          	lui	a3,0x20000
80003276:	16fd                	add	a3,a3,-1 # 1fffffff <buflen.2+0x1fffff7f>
80003278:	96b2                	add	a3,a3,a2
8000327a:	068e                	sll	a3,a3,0x3
8000327c:	fb442603          	lw	a2,-76(s0)
80003280:	96b2                	add	a3,a3,a2
80003282:	4290                	lw	a2,0(a3)
80003284:	42d4                	lw	a3,4(a3)
80003286:	853a                	mv	a0,a4
80003288:	85be                	mv	a1,a5
8000328a:	770010ef          	jal	800049fa <__eqdf2>
8000328e:	87aa                	mv	a5,a0
80003290:	c781                	beqz	a5,80003298 <verifyDouble+0x14e>
80003292:	fbc42783          	lw	a5,-68(s0)
80003296:	a011                	j	8000329a <verifyDouble+0x150>
80003298:	4781                	li	a5,0
8000329a:	853e                	mv	a0,a5
8000329c:	40b6                	lw	ra,76(sp)
8000329e:	4426                	lw	s0,72(sp)
800032a0:	4496                	lw	s1,68(sp)
800032a2:	6161                	add	sp,sp,80
800032a4:	8082                	ret

800032a6 <barrier>:
800032a6:	1101                	add	sp,sp,-32
800032a8:	ce22                	sw	s0,28(sp)
800032aa:	1000                	add	s0,sp,32
800032ac:	fea42623          	sw	a0,-20(s0)
800032b0:	0ff0000f          	fence
800032b4:	00022783          	lw	a5,0(tp) # 0 <threadsense.4>
800032b8:	0017b793          	seqz	a5,a5
800032bc:	0ff7f793          	zext.b	a5,a5
800032c0:	873e                	mv	a4,a5
800032c2:	00e22023          	sw	a4,0(tp) # 0 <threadsense.4>
800032c6:	00003797          	auipc	a5,0x3
800032ca:	d4a78793          	add	a5,a5,-694 # 80006010 <count.1>
800032ce:	4705                	li	a4,1
800032d0:	0f50000f          	fence	iorw,ow
800032d4:	04e7a6af          	amoadd.w.aq	a3,a4,(a5)
800032d8:	8736                	mv	a4,a3
800032da:	fec42783          	lw	a5,-20(s0)
800032de:	17fd                	add	a5,a5,-1
800032e0:	02f71063          	bne	a4,a5,80003300 <barrier+0x5a>
800032e4:	00003797          	auipc	a5,0x3
800032e8:	d2c78793          	add	a5,a5,-724 # 80006010 <count.1>
800032ec:	0007a023          	sw	zero,0(a5)
800032f0:	00022703          	lw	a4,0(tp) # 0 <threadsense.4>
800032f4:	00003797          	auipc	a5,0x3
800032f8:	d2078793          	add	a5,a5,-736 # 80006014 <sense.0>
800032fc:	c398                	sw	a4,0(a5)
800032fe:	a819                	j	80003314 <barrier+0x6e>
80003300:	0001                	nop
80003302:	00003797          	auipc	a5,0x3
80003306:	d1278793          	add	a5,a5,-750 # 80006014 <sense.0>
8000330a:	4398                	lw	a4,0(a5)
8000330c:	00022783          	lw	a5,0(tp) # 0 <threadsense.4>
80003310:	fef719e3          	bne	a4,a5,80003302 <barrier+0x5c>
80003314:	0ff0000f          	fence
80003318:	0001                	nop
8000331a:	4472                	lw	s0,28(sp)
8000331c:	6105                	add	sp,sp,32
8000331e:	8082                	ret

80003320 <lfsr>:
80003320:	7179                	add	sp,sp,-48
80003322:	d622                	sw	s0,44(sp)
80003324:	1800                	add	s0,sp,48
80003326:	fca42c23          	sw	a0,-40(s0)
8000332a:	fcb42e23          	sw	a1,-36(s0)
8000332e:	fdc42583          	lw	a1,-36(s0)
80003332:	05fe                	sll	a1,a1,0x1f
80003334:	fd842503          	lw	a0,-40(s0)
80003338:	00155613          	srl	a2,a0,0x1
8000333c:	8e4d                	or	a2,a2,a1
8000333e:	fdc42583          	lw	a1,-36(s0)
80003342:	0015d693          	srl	a3,a1,0x1
80003346:	fd842583          	lw	a1,-40(s0)
8000334a:	00c5c833          	xor	a6,a1,a2
8000334e:	fdc42583          	lw	a1,-36(s0)
80003352:	00d5c8b3          	xor	a7,a1,a3
80003356:	00187693          	and	a3,a6,1
8000335a:	fed42423          	sw	a3,-24(s0)
8000335e:	0008f693          	and	a3,a7,0
80003362:	fed42623          	sw	a3,-20(s0)
80003366:	fdc42683          	lw	a3,-36(s0)
8000336a:	06fe                	sll	a3,a3,0x1f
8000336c:	fd842603          	lw	a2,-40(s0)
80003370:	00165713          	srl	a4,a2,0x1
80003374:	8f55                	or	a4,a4,a3
80003376:	fdc42683          	lw	a3,-36(s0)
8000337a:	0016d793          	srl	a5,a3,0x1
8000337e:	fe842683          	lw	a3,-24(s0)
80003382:	01e69393          	sll	t2,a3,0x1e
80003386:	4301                	li	t1,0
80003388:	00676e33          	or	t3,a4,t1
8000338c:	0077eeb3          	or	t4,a5,t2
80003390:	8772                	mv	a4,t3
80003392:	87f6                	mv	a5,t4
80003394:	853a                	mv	a0,a4
80003396:	85be                	mv	a1,a5
80003398:	5432                	lw	s0,44(sp)
8000339a:	6145                	add	sp,sp,48
8000339c:	8082                	ret

8000339e <insn_len>:
8000339e:	1101                	add	sp,sp,-32
800033a0:	ce22                	sw	s0,28(sp)
800033a2:	1000                	add	s0,sp,32
800033a4:	fea42623          	sw	a0,-20(s0)
800033a8:	fec42783          	lw	a5,-20(s0)
800033ac:	0007d783          	lhu	a5,0(a5)
800033b0:	8b8d                	and	a5,a5,3
800033b2:	c399                	beqz	a5,800033b8 <insn_len+0x1a>
800033b4:	4791                	li	a5,4
800033b6:	a011                	j	800033ba <insn_len+0x1c>
800033b8:	4789                	li	a5,2
800033ba:	853e                	mv	a0,a5
800033bc:	4472                	lw	s0,28(sp)
800033be:	6105                	add	sp,sp,32
800033c0:	8082                	ret

800033c2 <syscall>:
800033c2:	7175                	add	sp,sp,-144
800033c4:	c722                	sw	s0,140(sp)
800033c6:	0900                	add	s0,sp,144
800033c8:	f8a42623          	sw	a0,-116(s0)
800033cc:	f8b42423          	sw	a1,-120(s0)
800033d0:	f8c42223          	sw	a2,-124(s0)
800033d4:	f8d42023          	sw	a3,-128(s0)
800033d8:	ff040793          	add	a5,s0,-16
800033dc:	f6f42e23          	sw	a5,-132(s0)
800033e0:	f7c42783          	lw	a5,-132(s0)
800033e4:	fa078793          	add	a5,a5,-96
800033e8:	03f78793          	add	a5,a5,63
800033ec:	8399                	srl	a5,a5,0x6
800033ee:	079a                	sll	a5,a5,0x6
800033f0:	f8c42703          	lw	a4,-116(s0)
800033f4:	c398                	sw	a4,0(a5)
800033f6:	f8842703          	lw	a4,-120(s0)
800033fa:	c3d8                	sw	a4,4(a5)
800033fc:	f8442703          	lw	a4,-124(s0)
80003400:	c798                	sw	a4,8(a5)
80003402:	f8042703          	lw	a4,-128(s0)
80003406:	c7d8                	sw	a4,12(a5)
80003408:	0ff0000f          	fence
8000340c:	873e                	mv	a4,a5
8000340e:	883a                	mv	a6,a4
80003410:	4881                	li	a7,0
80003412:	ffffe717          	auipc	a4,0xffffe
80003416:	bee70713          	add	a4,a4,-1042 # 80001000 <tohost>
8000341a:	01072023          	sw	a6,0(a4)
8000341e:	01172223          	sw	a7,4(a4)
80003422:	0001                	nop
80003424:	ffffe717          	auipc	a4,0xffffe
80003428:	c1c70713          	add	a4,a4,-996 # 80001040 <fromhost>
8000342c:	4310                	lw	a2,0(a4)
8000342e:	4354                	lw	a3,4(a4)
80003430:	8732                	mv	a4,a2
80003432:	8f55                	or	a4,a4,a3
80003434:	db65                	beqz	a4,80003424 <syscall+0x62>
80003436:	ffffe717          	auipc	a4,0xffffe
8000343a:	c0a70713          	add	a4,a4,-1014 # 80001040 <fromhost>
8000343e:	4601                	li	a2,0
80003440:	4681                	li	a3,0
80003442:	c310                	sw	a2,0(a4)
80003444:	c354                	sw	a3,4(a4)
80003446:	0ff0000f          	fence
8000344a:	439c                	lw	a5,0(a5)
8000344c:	853e                	mv	a0,a5
8000344e:	443a                	lw	s0,140(sp)
80003450:	6149                	add	sp,sp,144
80003452:	8082                	ret

80003454 <setStats>:
80003454:	7139                	add	sp,sp,-64
80003456:	de22                	sw	s0,60(sp)
80003458:	0080                	add	s0,sp,64
8000345a:	fca42623          	sw	a0,-52(s0)
8000345e:	fe042223          	sw	zero,-28(s0)
80003462:	fe442703          	lw	a4,-28(s0)
80003466:	4785                	li	a5,1
80003468:	fee7cde3          	blt	a5,a4,80003462 <setStats+0xe>
8000346c:	b00027f3          	csrr	a5,mcycle
80003470:	fef42023          	sw	a5,-32(s0)
80003474:	fe042783          	lw	a5,-32(s0)
80003478:	fef42623          	sw	a5,-20(s0)
8000347c:	fcc42783          	lw	a5,-52(s0)
80003480:	ef8d                	bnez	a5,800034ba <setStats+0x66>
80003482:	00003717          	auipc	a4,0x3
80003486:	b7e70713          	add	a4,a4,-1154 # 80006000 <counters>
8000348a:	fe442783          	lw	a5,-28(s0)
8000348e:	078a                	sll	a5,a5,0x2
80003490:	97ba                	add	a5,a5,a4
80003492:	439c                	lw	a5,0(a5)
80003494:	fec42703          	lw	a4,-20(s0)
80003498:	40f707b3          	sub	a5,a4,a5
8000349c:	fef42623          	sw	a5,-20(s0)
800034a0:	00003717          	auipc	a4,0x3
800034a4:	b6870713          	add	a4,a4,-1176 # 80006008 <counter_names>
800034a8:	fe442783          	lw	a5,-28(s0)
800034ac:	078a                	sll	a5,a5,0x2
800034ae:	97ba                	add	a5,a5,a4
800034b0:	00002717          	auipc	a4,0x2
800034b4:	b6470713          	add	a4,a4,-1180 # 80005014 <_end_text+0x14>
800034b8:	c398                	sw	a4,0(a5)
800034ba:	fe442783          	lw	a5,-28(s0)
800034be:	00178713          	add	a4,a5,1
800034c2:	fee42223          	sw	a4,-28(s0)
800034c6:	00003717          	auipc	a4,0x3
800034ca:	b3a70713          	add	a4,a4,-1222 # 80006000 <counters>
800034ce:	078a                	sll	a5,a5,0x2
800034d0:	97ba                	add	a5,a5,a4
800034d2:	fec42703          	lw	a4,-20(s0)
800034d6:	c398                	sw	a4,0(a5)
800034d8:	fe442703          	lw	a4,-28(s0)
800034dc:	4785                	li	a5,1
800034de:	fee7cde3          	blt	a5,a4,800034d8 <setStats+0x84>
800034e2:	b02027f3          	csrr	a5,minstret
800034e6:	fcf42e23          	sw	a5,-36(s0)
800034ea:	fdc42783          	lw	a5,-36(s0)
800034ee:	fef42423          	sw	a5,-24(s0)
800034f2:	fcc42783          	lw	a5,-52(s0)
800034f6:	ef8d                	bnez	a5,80003530 <setStats+0xdc>
800034f8:	00003717          	auipc	a4,0x3
800034fc:	b0870713          	add	a4,a4,-1272 # 80006000 <counters>
80003500:	fe442783          	lw	a5,-28(s0)
80003504:	078a                	sll	a5,a5,0x2
80003506:	97ba                	add	a5,a5,a4
80003508:	439c                	lw	a5,0(a5)
8000350a:	fe842703          	lw	a4,-24(s0)
8000350e:	40f707b3          	sub	a5,a4,a5
80003512:	fef42423          	sw	a5,-24(s0)
80003516:	00003717          	auipc	a4,0x3
8000351a:	af270713          	add	a4,a4,-1294 # 80006008 <counter_names>
8000351e:	fe442783          	lw	a5,-28(s0)
80003522:	078a                	sll	a5,a5,0x2
80003524:	97ba                	add	a5,a5,a4
80003526:	00002717          	auipc	a4,0x2
8000352a:	af670713          	add	a4,a4,-1290 # 8000501c <_end_text+0x1c>
8000352e:	c398                	sw	a4,0(a5)
80003530:	fe442783          	lw	a5,-28(s0)
80003534:	00178713          	add	a4,a5,1
80003538:	fee42223          	sw	a4,-28(s0)
8000353c:	00003717          	auipc	a4,0x3
80003540:	ac470713          	add	a4,a4,-1340 # 80006000 <counters>
80003544:	078a                	sll	a5,a5,0x2
80003546:	97ba                	add	a5,a5,a4
80003548:	fe842703          	lw	a4,-24(s0)
8000354c:	c398                	sw	a4,0(a5)
8000354e:	0001                	nop
80003550:	5472                	lw	s0,60(sp)
80003552:	6121                	add	sp,sp,64
80003554:	8082                	ret

80003556 <getStats>:
80003556:	1101                	add	sp,sp,-32
80003558:	ce22                	sw	s0,28(sp)
8000355a:	1000                	add	s0,sp,32
8000355c:	fea42623          	sw	a0,-20(s0)
80003560:	00003717          	auipc	a4,0x3
80003564:	aa070713          	add	a4,a4,-1376 # 80006000 <counters>
80003568:	fec42783          	lw	a5,-20(s0)
8000356c:	078a                	sll	a5,a5,0x2
8000356e:	97ba                	add	a5,a5,a4
80003570:	439c                	lw	a5,0(a5)
80003572:	853e                	mv	a0,a5
80003574:	4472                	lw	s0,28(sp)
80003576:	6105                	add	sp,sp,32
80003578:	8082                	ret

8000357a <tohost_exit>:
8000357a:	1101                	add	sp,sp,-32
8000357c:	ce22                	sw	s0,28(sp)
8000357e:	1000                	add	s0,sp,32
80003580:	fea42623          	sw	a0,-20(s0)
80003584:	fec42583          	lw	a1,-20(s0)
80003588:	882e                	mv	a6,a1
8000358a:	4881                	li	a7,0
8000358c:	00f85693          	srl	a3,a6,0xf
80003590:	01181613          	sll	a2,a6,0x11
80003594:	01069593          	sll	a1,a3,0x10
80003598:	01065713          	srl	a4,a2,0x10
8000359c:	8f4d                	or	a4,a4,a1
8000359e:	0106d793          	srl	a5,a3,0x10
800035a2:	00176313          	or	t1,a4,1
800035a6:	0007e393          	or	t2,a5,0
800035aa:	ffffe797          	auipc	a5,0xffffe
800035ae:	a5678793          	add	a5,a5,-1450 # 80001000 <tohost>
800035b2:	0067a023          	sw	t1,0(a5)
800035b6:	0077a223          	sw	t2,4(a5)
800035ba:	0001                	nop
800035bc:	a001                	j	800035bc <tohost_exit+0x42>

800035be <handle_trap>:
800035be:	1101                	add	sp,sp,-32
800035c0:	ce06                	sw	ra,28(sp)
800035c2:	cc22                	sw	s0,24(sp)
800035c4:	1000                	add	s0,sp,32
800035c6:	fea42623          	sw	a0,-20(s0)
800035ca:	feb42423          	sw	a1,-24(s0)
800035ce:	fec42223          	sw	a2,-28(s0)
800035d2:	53900513          	li	a0,1337
800035d6:	3755                	jal	8000357a <tohost_exit>

800035d8 <exit>:
800035d8:	1101                	add	sp,sp,-32
800035da:	ce06                	sw	ra,28(sp)
800035dc:	cc22                	sw	s0,24(sp)
800035de:	1000                	add	s0,sp,32
800035e0:	fea42623          	sw	a0,-20(s0)
800035e4:	fec42783          	lw	a5,-20(s0)
800035e8:	853e                	mv	a0,a5
800035ea:	3f41                	jal	8000357a <tohost_exit>

800035ec <abort>:
800035ec:	1141                	add	sp,sp,-16
800035ee:	c606                	sw	ra,12(sp)
800035f0:	c422                	sw	s0,8(sp)
800035f2:	0800                	add	s0,sp,16
800035f4:	08600513          	li	a0,134
800035f8:	37c5                	jal	800035d8 <exit>

800035fa <printstr>:
800035fa:	1101                	add	sp,sp,-32
800035fc:	ce06                	sw	ra,28(sp)
800035fe:	cc22                	sw	s0,24(sp)
80003600:	ca26                	sw	s1,20(sp)
80003602:	1000                	add	s0,sp,32
80003604:	fea42623          	sw	a0,-20(s0)
80003608:	fec42483          	lw	s1,-20(s0)
8000360c:	fec42503          	lw	a0,-20(s0)
80003610:	2f7000ef          	jal	80004106 <strlen>
80003614:	87aa                	mv	a5,a0
80003616:	86be                	mv	a3,a5
80003618:	8626                	mv	a2,s1
8000361a:	4585                	li	a1,1
8000361c:	04000513          	li	a0,64
80003620:	334d                	jal	800033c2 <syscall>
80003622:	0001                	nop
80003624:	40f2                	lw	ra,28(sp)
80003626:	4462                	lw	s0,24(sp)
80003628:	44d2                	lw	s1,20(sp)
8000362a:	6105                	add	sp,sp,32
8000362c:	8082                	ret

8000362e <thread_entry>:
8000362e:	1101                	add	sp,sp,-32
80003630:	ce22                	sw	s0,28(sp)
80003632:	1000                	add	s0,sp,32
80003634:	fea42623          	sw	a0,-20(s0)
80003638:	feb42423          	sw	a1,-24(s0)
8000363c:	0001                	nop
8000363e:	fec42783          	lw	a5,-20(s0)
80003642:	fff5                	bnez	a5,8000363e <thread_entry+0x10>
80003644:	0001                	nop
80003646:	0001                	nop
80003648:	4472                	lw	s0,28(sp)
8000364a:	6105                	add	sp,sp,32
8000364c:	8082                	ret
8000364e:	1101                	add	sp,sp,-32
80003650:	ce06                	sw	ra,28(sp)
80003652:	cc22                	sw	s0,24(sp)
80003654:	1000                	add	s0,sp,32
80003656:	fea42623          	sw	a0,-20(s0)
8000365a:	feb42423          	sw	a1,-24(s0)
8000365e:	00002517          	auipc	a0,0x2
80003662:	9ca50513          	add	a0,a0,-1590 # 80005028 <_end_text+0x28>
80003666:	3f51                	jal	800035fa <printstr>
80003668:	57fd                	li	a5,-1
8000366a:	853e                	mv	a0,a5
8000366c:	40f2                	lw	ra,28(sp)
8000366e:	4462                	lw	s0,24(sp)
80003670:	6105                	add	sp,sp,32
80003672:	8082                	ret

80003674 <init_tls>:
80003674:	1101                	add	sp,sp,-32
80003676:	ce06                	sw	ra,28(sp)
80003678:	cc22                	sw	s0,24(sp)
8000367a:	1000                	add	s0,sp,32
8000367c:	00003717          	auipc	a4,0x3
80003680:	99c70713          	add	a4,a4,-1636 # 80006018 <_tdata_begin>
80003684:	00003797          	auipc	a5,0x3
80003688:	99478793          	add	a5,a5,-1644 # 80006018 <_tdata_begin>
8000368c:	40f707b3          	sub	a5,a4,a5
80003690:	fef42623          	sw	a5,-20(s0)
80003694:	8792                	mv	a5,tp
80003696:	fec42603          	lw	a2,-20(s0)
8000369a:	00003597          	auipc	a1,0x3
8000369e:	97e58593          	add	a1,a1,-1666 # 80006018 <_tdata_begin>
800036a2:	853e                	mv	a0,a5
800036a4:	0ef000ef          	jal	80003f92 <memcpy>
800036a8:	8c418713          	add	a4,gp,-1852 # 800060c4 <_tbss_end>
800036ac:	00003797          	auipc	a5,0x3
800036b0:	96c78793          	add	a5,a5,-1684 # 80006018 <_tdata_begin>
800036b4:	40f707b3          	sub	a5,a4,a5
800036b8:	fef42423          	sw	a5,-24(s0)
800036bc:	8712                	mv	a4,tp
800036be:	fec42783          	lw	a5,-20(s0)
800036c2:	97ba                	add	a5,a5,a4
800036c4:	fe842603          	lw	a2,-24(s0)
800036c8:	4581                	li	a1,0
800036ca:	853e                	mv	a0,a5
800036cc:	17f000ef          	jal	8000404a <memset>
800036d0:	0001                	nop
800036d2:	40f2                	lw	ra,28(sp)
800036d4:	4462                	lw	s0,24(sp)
800036d6:	6105                	add	sp,sp,32
800036d8:	8082                	ret

800036da <_init>:
800036da:	7171                	add	sp,sp,-176
800036dc:	d706                	sw	ra,172(sp)
800036de:	d522                	sw	s0,168(sp)
800036e0:	d326                	sw	s1,164(sp)
800036e2:	1900                	add	s0,sp,176
800036e4:	f4a42e23          	sw	a0,-164(s0)
800036e8:	f4b42c23          	sw	a1,-168(s0)
800036ec:	ff040793          	add	a5,s0,-16
800036f0:	f4f42a23          	sw	a5,-172(s0)
800036f4:	f5442783          	lw	a5,-172(s0)
800036f8:	f7078793          	add	a5,a5,-144
800036fc:	03f78793          	add	a5,a5,63
80003700:	8399                	srl	a5,a5,0x6
80003702:	00679493          	sll	s1,a5,0x6
80003706:	37bd                	jal	80003674 <init_tls>
80003708:	f5842583          	lw	a1,-168(s0)
8000370c:	f5c42503          	lw	a0,-164(s0)
80003710:	3f39                	jal	8000362e <thread_entry>
80003712:	4581                	li	a1,0
80003714:	4501                	li	a0,0
80003716:	30ed                	jal	80003000 <main>
80003718:	fea42223          	sw	a0,-28(s0)
8000371c:	fe942623          	sw	s1,-20(s0)
80003720:	fe042423          	sw	zero,-24(s0)
80003724:	a095                	j	80003788 <_init+0xae>
80003726:	00003717          	auipc	a4,0x3
8000372a:	8da70713          	add	a4,a4,-1830 # 80006000 <counters>
8000372e:	fe842783          	lw	a5,-24(s0)
80003732:	078a                	sll	a5,a5,0x2
80003734:	97ba                	add	a5,a5,a4
80003736:	439c                	lw	a5,0(a5)
80003738:	c3b9                	beqz	a5,8000377e <_init+0xa4>
8000373a:	00003717          	auipc	a4,0x3
8000373e:	8ce70713          	add	a4,a4,-1842 # 80006008 <counter_names>
80003742:	fe842783          	lw	a5,-24(s0)
80003746:	078a                	sll	a5,a5,0x2
80003748:	97ba                	add	a5,a5,a4
8000374a:	4390                	lw	a2,0(a5)
8000374c:	00003717          	auipc	a4,0x3
80003750:	8b470713          	add	a4,a4,-1868 # 80006000 <counters>
80003754:	fe842783          	lw	a5,-24(s0)
80003758:	078a                	sll	a5,a5,0x2
8000375a:	97ba                	add	a5,a5,a4
8000375c:	439c                	lw	a5,0(a5)
8000375e:	86be                	mv	a3,a5
80003760:	00002597          	auipc	a1,0x2
80003764:	8e058593          	add	a1,a1,-1824 # 80005040 <_end_text+0x40>
80003768:	fec42503          	lw	a0,-20(s0)
8000376c:	7b4000ef          	jal	80003f20 <sprintf>
80003770:	87aa                	mv	a5,a0
80003772:	873e                	mv	a4,a5
80003774:	fec42783          	lw	a5,-20(s0)
80003778:	97ba                	add	a5,a5,a4
8000377a:	fef42623          	sw	a5,-20(s0)
8000377e:	fe842783          	lw	a5,-24(s0)
80003782:	0785                	add	a5,a5,1
80003784:	fef42423          	sw	a5,-24(s0)
80003788:	fe842703          	lw	a4,-24(s0)
8000378c:	4785                	li	a5,1
8000378e:	f8e7dce3          	bge	a5,a4,80003726 <_init+0x4c>
80003792:	fec42783          	lw	a5,-20(s0)
80003796:	00f48463          	beq	s1,a5,8000379e <_init+0xc4>
8000379a:	8526                	mv	a0,s1
8000379c:	3db9                	jal	800035fa <printstr>
8000379e:	fe442503          	lw	a0,-28(s0)
800037a2:	3d1d                	jal	800035d8 <exit>

800037a4 <puts>:
800037a4:	7179                	add	sp,sp,-48
800037a6:	d606                	sw	ra,44(sp)
800037a8:	d422                	sw	s0,40(sp)
800037aa:	1800                	add	s0,sp,48
800037ac:	fca42e23          	sw	a0,-36(s0)
800037b0:	fdc42783          	lw	a5,-36(s0)
800037b4:	fef42623          	sw	a5,-20(s0)
800037b8:	a819                	j	800037ce <puts+0x2a>
800037ba:	fec42783          	lw	a5,-20(s0)
800037be:	00178713          	add	a4,a5,1
800037c2:	fee42623          	sw	a4,-20(s0)
800037c6:	0007c783          	lbu	a5,0(a5)
800037ca:	853e                	mv	a0,a5
800037cc:	2831                	jal	800037e8 <putchar>
800037ce:	fec42783          	lw	a5,-20(s0)
800037d2:	0007c783          	lbu	a5,0(a5)
800037d6:	f3f5                	bnez	a5,800037ba <puts+0x16>
800037d8:	4529                	li	a0,10
800037da:	2039                	jal	800037e8 <putchar>
800037dc:	4781                	li	a5,0
800037de:	853e                	mv	a0,a5
800037e0:	50b2                	lw	ra,44(sp)
800037e2:	5422                	lw	s0,40(sp)
800037e4:	6145                	add	sp,sp,48
800037e6:	8082                	ret

800037e8 <putchar>:
800037e8:	1101                	add	sp,sp,-32
800037ea:	ce06                	sw	ra,28(sp)
800037ec:	cc22                	sw	s0,24(sp)
800037ee:	1000                	add	s0,sp,32
800037f0:	fea42623          	sw	a0,-20(s0)
800037f4:	08022783          	lw	a5,128(tp) # 80 <buflen.2>
800037f8:	00178693          	add	a3,a5,1
800037fc:	08d22023          	sw	a3,128(tp) # 80 <buflen.2>
80003800:	fec42703          	lw	a4,-20(s0)
80003804:	0ff77713          	zext.b	a4,a4
80003808:	04020693          	add	a3,tp,64 # 40 <buf.3>
8000380c:	97b6                	add	a5,a5,a3
8000380e:	00e78023          	sb	a4,0(a5)
80003812:	fec42703          	lw	a4,-20(s0)
80003816:	47a9                	li	a5,10
80003818:	00f70863          	beq	a4,a5,80003828 <putchar+0x40>
8000381c:	08022703          	lw	a4,128(tp) # 80 <buflen.2>
80003820:	04000793          	li	a5,64
80003824:	00f71e63          	bne	a4,a5,80003840 <putchar+0x58>
80003828:	04020713          	add	a4,tp,64 # 40 <buf.3>
8000382c:	08022783          	lw	a5,128(tp) # 80 <buflen.2>
80003830:	86be                	mv	a3,a5
80003832:	863a                	mv	a2,a4
80003834:	4585                	li	a1,1
80003836:	04000513          	li	a0,64
8000383a:	3661                	jal	800033c2 <syscall>
8000383c:	08022023          	sw	zero,128(tp) # 80 <buflen.2>
80003840:	4781                	li	a5,0
80003842:	853e                	mv	a0,a5
80003844:	40f2                	lw	ra,28(sp)
80003846:	4462                	lw	s0,24(sp)
80003848:	6105                	add	sp,sp,32
8000384a:	8082                	ret

8000384c <printhex>:
8000384c:	7139                	add	sp,sp,-64
8000384e:	de06                	sw	ra,60(sp)
80003850:	dc22                	sw	s0,56(sp)
80003852:	0080                	add	s0,sp,64
80003854:	fca42423          	sw	a0,-56(s0)
80003858:	fcb42623          	sw	a1,-52(s0)
8000385c:	fe042623          	sw	zero,-20(s0)
80003860:	a8ad                	j	800038da <printhex+0x8e>
80003862:	fc844583          	lbu	a1,-56(s0)
80003866:	89bd                	and	a1,a1,15
80003868:	0ff5f513          	zext.b	a0,a1
8000386c:	fc842583          	lw	a1,-56(s0)
80003870:	00f5f613          	and	a2,a1,15
80003874:	fcc42583          	lw	a1,-52(s0)
80003878:	0005f693          	and	a3,a1,0
8000387c:	85b6                	mv	a1,a3
8000387e:	e991                	bnez	a1,80003892 <printhex+0x46>
80003880:	85b6                	mv	a1,a3
80003882:	e589                	bnez	a1,8000388c <printhex+0x40>
80003884:	8832                	mv	a6,a2
80003886:	45a5                	li	a1,9
80003888:	0105e563          	bltu	a1,a6,80003892 <printhex+0x46>
8000388c:	03000593          	li	a1,48
80003890:	a019                	j	80003896 <printhex+0x4a>
80003892:	05700593          	li	a1,87
80003896:	48bd                	li	a7,15
80003898:	fec42803          	lw	a6,-20(s0)
8000389c:	41088833          	sub	a6,a7,a6
800038a0:	95aa                	add	a1,a1,a0
800038a2:	0ff5f513          	zext.b	a0,a1
800038a6:	ff080593          	add	a1,a6,-16
800038aa:	95a2                	add	a1,a1,s0
800038ac:	fea58423          	sb	a0,-24(a1)
800038b0:	fcc42583          	lw	a1,-52(s0)
800038b4:	05f2                	sll	a1,a1,0x1c
800038b6:	fc842503          	lw	a0,-56(s0)
800038ba:	00455713          	srl	a4,a0,0x4
800038be:	8f4d                	or	a4,a4,a1
800038c0:	fcc42583          	lw	a1,-52(s0)
800038c4:	0045d793          	srl	a5,a1,0x4
800038c8:	fce42423          	sw	a4,-56(s0)
800038cc:	fcf42623          	sw	a5,-52(s0)
800038d0:	fec42583          	lw	a1,-20(s0)
800038d4:	0585                	add	a1,a1,1
800038d6:	feb42623          	sw	a1,-20(s0)
800038da:	fec42503          	lw	a0,-20(s0)
800038de:	45bd                	li	a1,15
800038e0:	f8a5d1e3          	bge	a1,a0,80003862 <printhex+0x16>
800038e4:	fe040423          	sb	zero,-24(s0)
800038e8:	fd840793          	add	a5,s0,-40
800038ec:	853e                	mv	a0,a5
800038ee:	3331                	jal	800035fa <printstr>
800038f0:	0001                	nop
800038f2:	50f2                	lw	ra,60(sp)
800038f4:	5462                	lw	s0,56(sp)
800038f6:	6121                	add	sp,sp,64
800038f8:	8082                	ret

800038fa <printnum>:
800038fa:	714d                	add	sp,sp,-336
800038fc:	14112623          	sw	ra,332(sp)
80003900:	14812423          	sw	s0,328(sp)
80003904:	15212223          	sw	s2,324(sp)
80003908:	15312023          	sw	s3,320(sp)
8000390c:	13412e23          	sw	s4,316(sp)
80003910:	13512c23          	sw	s5,312(sp)
80003914:	13612a23          	sw	s6,308(sp)
80003918:	13712823          	sw	s7,304(sp)
8000391c:	0a80                	add	s0,sp,336
8000391e:	eca42623          	sw	a0,-308(s0)
80003922:	ecb42423          	sw	a1,-312(s0)
80003926:	ecc42023          	sw	a2,-320(s0)
8000392a:	ecd42223          	sw	a3,-316(s0)
8000392e:	eae42e23          	sw	a4,-324(s0)
80003932:	eaf42c23          	sw	a5,-328(s0)
80003936:	eb042a23          	sw	a6,-332(s0)
8000393a:	fc042e23          	sw	zero,-36(s0)
8000393e:	ebc42783          	lw	a5,-324(s0)
80003942:	8b3e                	mv	s6,a5
80003944:	4b81                	li	s7,0
80003946:	ec042703          	lw	a4,-320(s0)
8000394a:	ec442783          	lw	a5,-316(s0)
8000394e:	865a                	mv	a2,s6
80003950:	86de                	mv	a3,s7
80003952:	853a                	mv	a0,a4
80003954:	85be                	mv	a1,a5
80003956:	531000ef          	jal	80004686 <__umoddi3>
8000395a:	872a                	mv	a4,a0
8000395c:	87ae                	mv	a5,a1
8000395e:	863a                	mv	a2,a4
80003960:	86be                	mv	a3,a5
80003962:	fdc42783          	lw	a5,-36(s0)
80003966:	00178713          	add	a4,a5,1
8000396a:	fce42e23          	sw	a4,-36(s0)
8000396e:	8732                	mv	a4,a2
80003970:	078a                	sll	a5,a5,0x2
80003972:	1781                	add	a5,a5,-32
80003974:	97a2                	add	a5,a5,s0
80003976:	eee7ae23          	sw	a4,-260(a5)
8000397a:	ebc42783          	lw	a5,-324(s0)
8000397e:	893e                	mv	s2,a5
80003980:	4981                	li	s3,0
80003982:	ec442783          	lw	a5,-316(s0)
80003986:	874e                	mv	a4,s3
80003988:	02e7ef63          	bltu	a5,a4,800039c6 <printnum+0xcc>
8000398c:	ec442783          	lw	a5,-316(s0)
80003990:	874e                	mv	a4,s3
80003992:	00e79763          	bne	a5,a4,800039a0 <printnum+0xa6>
80003996:	ec042783          	lw	a5,-320(s0)
8000399a:	874a                	mv	a4,s2
8000399c:	02e7e563          	bltu	a5,a4,800039c6 <printnum+0xcc>
800039a0:	ebc42783          	lw	a5,-324(s0)
800039a4:	8a3e                	mv	s4,a5
800039a6:	4a81                	li	s5,0
800039a8:	8652                	mv	a2,s4
800039aa:	86d6                	mv	a3,s5
800039ac:	ec042503          	lw	a0,-320(s0)
800039b0:	ec442583          	lw	a1,-316(s0)
800039b4:	149000ef          	jal	800042fc <__udivdi3>
800039b8:	872a                	mv	a4,a0
800039ba:	87ae                	mv	a5,a1
800039bc:	ece42023          	sw	a4,-320(s0)
800039c0:	ecf42223          	sw	a5,-316(s0)
800039c4:	bfad                	j	8000393e <printnum+0x44>
800039c6:	0001                	nop
800039c8:	a801                	j	800039d8 <printnum+0xde>
800039ca:	ecc42783          	lw	a5,-308(s0)
800039ce:	ec842583          	lw	a1,-312(s0)
800039d2:	eb442503          	lw	a0,-332(s0)
800039d6:	9782                	jalr	a5
800039d8:	eb842783          	lw	a5,-328(s0)
800039dc:	fff78713          	add	a4,a5,-1
800039e0:	eae42c23          	sw	a4,-328(s0)
800039e4:	fdc42703          	lw	a4,-36(s0)
800039e8:	fef741e3          	blt	a4,a5,800039ca <printnum+0xd0>
800039ec:	a83d                	j	80003a2a <printnum+0x130>
800039ee:	fdc42783          	lw	a5,-36(s0)
800039f2:	078a                	sll	a5,a5,0x2
800039f4:	1781                	add	a5,a5,-32
800039f6:	97a2                	add	a5,a5,s0
800039f8:	efc7a703          	lw	a4,-260(a5)
800039fc:	fdc42783          	lw	a5,-36(s0)
80003a00:	078a                	sll	a5,a5,0x2
80003a02:	1781                	add	a5,a5,-32
80003a04:	97a2                	add	a5,a5,s0
80003a06:	efc7a683          	lw	a3,-260(a5)
80003a0a:	47a5                	li	a5,9
80003a0c:	00d7f563          	bgeu	a5,a3,80003a16 <printnum+0x11c>
80003a10:	05700793          	li	a5,87
80003a14:	a019                	j	80003a1a <printnum+0x120>
80003a16:	03000793          	li	a5,48
80003a1a:	97ba                	add	a5,a5,a4
80003a1c:	873e                	mv	a4,a5
80003a1e:	ecc42783          	lw	a5,-308(s0)
80003a22:	ec842583          	lw	a1,-312(s0)
80003a26:	853a                	mv	a0,a4
80003a28:	9782                	jalr	a5
80003a2a:	fdc42783          	lw	a5,-36(s0)
80003a2e:	fff78713          	add	a4,a5,-1
80003a32:	fce42e23          	sw	a4,-36(s0)
80003a36:	faf04ce3          	bgtz	a5,800039ee <printnum+0xf4>
80003a3a:	0001                	nop
80003a3c:	0001                	nop
80003a3e:	14c12083          	lw	ra,332(sp)
80003a42:	14812403          	lw	s0,328(sp)
80003a46:	14412903          	lw	s2,324(sp)
80003a4a:	14012983          	lw	s3,320(sp)
80003a4e:	13c12a03          	lw	s4,316(sp)
80003a52:	13812a83          	lw	s5,312(sp)
80003a56:	13412b03          	lw	s6,308(sp)
80003a5a:	13012b83          	lw	s7,304(sp)
80003a5e:	6171                	add	sp,sp,336
80003a60:	8082                	ret

80003a62 <getuint>:
80003a62:	1101                	add	sp,sp,-32
80003a64:	ce22                	sw	s0,28(sp)
80003a66:	1000                	add	s0,sp,32
80003a68:	fea42623          	sw	a0,-20(s0)
80003a6c:	feb42423          	sw	a1,-24(s0)
80003a70:	fe842603          	lw	a2,-24(s0)
80003a74:	4685                	li	a3,1
80003a76:	00c6df63          	bge	a3,a2,80003a94 <getuint+0x32>
80003a7a:	fec42783          	lw	a5,-20(s0)
80003a7e:	439c                	lw	a5,0(a5)
80003a80:	079d                	add	a5,a5,7
80003a82:	9be1                	and	a5,a5,-8
80003a84:	00878693          	add	a3,a5,8
80003a88:	fec42703          	lw	a4,-20(s0)
80003a8c:	c314                	sw	a3,0(a4)
80003a8e:	4398                	lw	a4,0(a5)
80003a90:	43dc                	lw	a5,4(a5)
80003a92:	a81d                	j	80003ac8 <getuint+0x66>
80003a94:	fe842683          	lw	a3,-24(s0)
80003a98:	ce89                	beqz	a3,80003ab2 <getuint+0x50>
80003a9a:	fec42683          	lw	a3,-20(s0)
80003a9e:	4294                	lw	a3,0(a3)
80003aa0:	00468593          	add	a1,a3,4
80003aa4:	fec42603          	lw	a2,-20(s0)
80003aa8:	c20c                	sw	a1,0(a2)
80003aaa:	4294                	lw	a3,0(a3)
80003aac:	8736                	mv	a4,a3
80003aae:	4781                	li	a5,0
80003ab0:	a821                	j	80003ac8 <getuint+0x66>
80003ab2:	fec42683          	lw	a3,-20(s0)
80003ab6:	4294                	lw	a3,0(a3)
80003ab8:	00468593          	add	a1,a3,4
80003abc:	fec42603          	lw	a2,-20(s0)
80003ac0:	c20c                	sw	a1,0(a2)
80003ac2:	4294                	lw	a3,0(a3)
80003ac4:	8736                	mv	a4,a3
80003ac6:	4781                	li	a5,0
80003ac8:	853a                	mv	a0,a4
80003aca:	85be                	mv	a1,a5
80003acc:	4472                	lw	s0,28(sp)
80003ace:	6105                	add	sp,sp,32
80003ad0:	8082                	ret

80003ad2 <getint>:
80003ad2:	1101                	add	sp,sp,-32
80003ad4:	ce22                	sw	s0,28(sp)
80003ad6:	1000                	add	s0,sp,32
80003ad8:	fea42623          	sw	a0,-20(s0)
80003adc:	feb42423          	sw	a1,-24(s0)
80003ae0:	fe842603          	lw	a2,-24(s0)
80003ae4:	4685                	li	a3,1
80003ae6:	00c6df63          	bge	a3,a2,80003b04 <getint+0x32>
80003aea:	fec42783          	lw	a5,-20(s0)
80003aee:	439c                	lw	a5,0(a5)
80003af0:	079d                	add	a5,a5,7
80003af2:	9be1                	and	a5,a5,-8
80003af4:	00878693          	add	a3,a5,8
80003af8:	fec42703          	lw	a4,-20(s0)
80003afc:	c314                	sw	a3,0(a4)
80003afe:	4398                	lw	a4,0(a5)
80003b00:	43dc                	lw	a5,4(a5)
80003b02:	a82d                	j	80003b3c <getint+0x6a>
80003b04:	fe842683          	lw	a3,-24(s0)
80003b08:	ce91                	beqz	a3,80003b24 <getint+0x52>
80003b0a:	fec42683          	lw	a3,-20(s0)
80003b0e:	4294                	lw	a3,0(a3)
80003b10:	00468593          	add	a1,a3,4
80003b14:	fec42603          	lw	a2,-20(s0)
80003b18:	c20c                	sw	a1,0(a2)
80003b1a:	4294                	lw	a3,0(a3)
80003b1c:	8736                	mv	a4,a3
80003b1e:	86fd                	sra	a3,a3,0x1f
80003b20:	87b6                	mv	a5,a3
80003b22:	a829                	j	80003b3c <getint+0x6a>
80003b24:	fec42683          	lw	a3,-20(s0)
80003b28:	4294                	lw	a3,0(a3)
80003b2a:	00468593          	add	a1,a3,4
80003b2e:	fec42603          	lw	a2,-20(s0)
80003b32:	c20c                	sw	a1,0(a2)
80003b34:	4294                	lw	a3,0(a3)
80003b36:	8736                	mv	a4,a3
80003b38:	86fd                	sra	a3,a3,0x1f
80003b3a:	87b6                	mv	a5,a3
80003b3c:	853a                	mv	a0,a4
80003b3e:	85be                	mv	a1,a5
80003b40:	4472                	lw	s0,28(sp)
80003b42:	6105                	add	sp,sp,32
80003b44:	8082                	ret

80003b46 <vprintfmt>:
80003b46:	715d                	add	sp,sp,-80
80003b48:	c686                	sw	ra,76(sp)
80003b4a:	c4a2                	sw	s0,72(sp)
80003b4c:	c2a6                	sw	s1,68(sp)
80003b4e:	c0ca                	sw	s2,64(sp)
80003b50:	0880                	add	s0,sp,80
80003b52:	faa42e23          	sw	a0,-68(s0)
80003b56:	fab42c23          	sw	a1,-72(s0)
80003b5a:	fac42a23          	sw	a2,-76(s0)
80003b5e:	fad42823          	sw	a3,-80(s0)
80003b62:	a831                	j	80003b7e <vprintfmt+0x38>
80003b64:	30048e63          	beqz	s1,80003e80 <vprintfmt+0x33a>
80003b68:	fb442783          	lw	a5,-76(s0)
80003b6c:	0785                	add	a5,a5,1
80003b6e:	faf42a23          	sw	a5,-76(s0)
80003b72:	fbc42783          	lw	a5,-68(s0)
80003b76:	fb842583          	lw	a1,-72(s0)
80003b7a:	8526                	mv	a0,s1
80003b7c:	9782                	jalr	a5
80003b7e:	fb442783          	lw	a5,-76(s0)
80003b82:	0007c783          	lbu	a5,0(a5)
80003b86:	84be                	mv	s1,a5
80003b88:	02500793          	li	a5,37
80003b8c:	fcf49ce3          	bne	s1,a5,80003b64 <vprintfmt+0x1e>
80003b90:	fb442783          	lw	a5,-76(s0)
80003b94:	0785                	add	a5,a5,1
80003b96:	faf42a23          	sw	a5,-76(s0)
80003b9a:	fb442783          	lw	a5,-76(s0)
80003b9e:	fcf42823          	sw	a5,-48(s0)
80003ba2:	02000793          	li	a5,32
80003ba6:	fcf40ba3          	sb	a5,-41(s0)
80003baa:	57fd                	li	a5,-1
80003bac:	fcf42e23          	sw	a5,-36(s0)
80003bb0:	57fd                	li	a5,-1
80003bb2:	fcf42c23          	sw	a5,-40(s0)
80003bb6:	fe042023          	sw	zero,-32(s0)
80003bba:	fc042623          	sw	zero,-52(s0)
80003bbe:	fb442783          	lw	a5,-76(s0)
80003bc2:	00178713          	add	a4,a5,1
80003bc6:	fae42a23          	sw	a4,-76(s0)
80003bca:	0007c783          	lbu	a5,0(a5)
80003bce:	84be                	mv	s1,a5
80003bd0:	fdd48793          	add	a5,s1,-35
80003bd4:	05500713          	li	a4,85
80003bd8:	28f76763          	bltu	a4,a5,80003e66 <vprintfmt+0x320>
80003bdc:	00279713          	sll	a4,a5,0x2
80003be0:	00001797          	auipc	a5,0x1
80003be4:	47478793          	add	a5,a5,1140 # 80005054 <_end_text+0x54>
80003be8:	97ba                	add	a5,a5,a4
80003bea:	4398                	lw	a4,0(a5)
80003bec:	00001797          	auipc	a5,0x1
80003bf0:	46878793          	add	a5,a5,1128 # 80005054 <_end_text+0x54>
80003bf4:	97ba                	add	a5,a5,a4
80003bf6:	8782                	jr	a5
80003bf8:	02d00793          	li	a5,45
80003bfc:	fcf40ba3          	sb	a5,-41(s0)
80003c00:	bf7d                	j	80003bbe <vprintfmt+0x78>
80003c02:	03000793          	li	a5,48
80003c06:	fcf40ba3          	sb	a5,-41(s0)
80003c0a:	bf55                	j	80003bbe <vprintfmt+0x78>
80003c0c:	fc042c23          	sw	zero,-40(s0)
80003c10:	fd842703          	lw	a4,-40(s0)
80003c14:	87ba                	mv	a5,a4
80003c16:	078a                	sll	a5,a5,0x2
80003c18:	97ba                	add	a5,a5,a4
80003c1a:	0786                	sll	a5,a5,0x1
80003c1c:	97a6                	add	a5,a5,s1
80003c1e:	fd078793          	add	a5,a5,-48
80003c22:	fcf42c23          	sw	a5,-40(s0)
80003c26:	fb442783          	lw	a5,-76(s0)
80003c2a:	0007c783          	lbu	a5,0(a5)
80003c2e:	84be                	mv	s1,a5
80003c30:	02f00793          	li	a5,47
80003c34:	0497d163          	bge	a5,s1,80003c76 <vprintfmt+0x130>
80003c38:	03900793          	li	a5,57
80003c3c:	0297cd63          	blt	a5,s1,80003c76 <vprintfmt+0x130>
80003c40:	fb442783          	lw	a5,-76(s0)
80003c44:	0785                	add	a5,a5,1
80003c46:	faf42a23          	sw	a5,-76(s0)
80003c4a:	b7d9                	j	80003c10 <vprintfmt+0xca>
80003c4c:	fb042783          	lw	a5,-80(s0)
80003c50:	00478713          	add	a4,a5,4
80003c54:	fae42823          	sw	a4,-80(s0)
80003c58:	439c                	lw	a5,0(a5)
80003c5a:	fcf42c23          	sw	a5,-40(s0)
80003c5e:	a829                	j	80003c78 <vprintfmt+0x132>
80003c60:	fdc42783          	lw	a5,-36(s0)
80003c64:	f407dde3          	bgez	a5,80003bbe <vprintfmt+0x78>
80003c68:	fc042e23          	sw	zero,-36(s0)
80003c6c:	bf89                	j	80003bbe <vprintfmt+0x78>
80003c6e:	4785                	li	a5,1
80003c70:	fcf42623          	sw	a5,-52(s0)
80003c74:	b7a9                	j	80003bbe <vprintfmt+0x78>
80003c76:	0001                	nop
80003c78:	fdc42783          	lw	a5,-36(s0)
80003c7c:	f407d1e3          	bgez	a5,80003bbe <vprintfmt+0x78>
80003c80:	fd842783          	lw	a5,-40(s0)
80003c84:	fcf42e23          	sw	a5,-36(s0)
80003c88:	57fd                	li	a5,-1
80003c8a:	fcf42c23          	sw	a5,-40(s0)
80003c8e:	bf05                	j	80003bbe <vprintfmt+0x78>
80003c90:	fe042783          	lw	a5,-32(s0)
80003c94:	0785                	add	a5,a5,1
80003c96:	fef42023          	sw	a5,-32(s0)
80003c9a:	b715                	j	80003bbe <vprintfmt+0x78>
80003c9c:	fb042783          	lw	a5,-80(s0)
80003ca0:	00478713          	add	a4,a5,4
80003ca4:	fae42823          	sw	a4,-80(s0)
80003ca8:	4398                	lw	a4,0(a5)
80003caa:	fbc42783          	lw	a5,-68(s0)
80003cae:	fb842583          	lw	a1,-72(s0)
80003cb2:	853a                	mv	a0,a4
80003cb4:	9782                	jalr	a5
80003cb6:	a2e1                	j	80003e7e <vprintfmt+0x338>
80003cb8:	fb042783          	lw	a5,-80(s0)
80003cbc:	00478713          	add	a4,a5,4
80003cc0:	fae42823          	sw	a4,-80(s0)
80003cc4:	0007a903          	lw	s2,0(a5)
80003cc8:	00091663          	bnez	s2,80003cd4 <vprintfmt+0x18e>
80003ccc:	00001917          	auipc	s2,0x1
80003cd0:	38090913          	add	s2,s2,896 # 8000504c <_end_text+0x4c>
80003cd4:	fdc42783          	lw	a5,-36(s0)
80003cd8:	06f05363          	blez	a5,80003d3e <vprintfmt+0x1f8>
80003cdc:	fd744703          	lbu	a4,-41(s0)
80003ce0:	02d00793          	li	a5,45
80003ce4:	04f70d63          	beq	a4,a5,80003d3e <vprintfmt+0x1f8>
80003ce8:	fdc42483          	lw	s1,-36(s0)
80003cec:	fd842783          	lw	a5,-40(s0)
80003cf0:	85be                	mv	a1,a5
80003cf2:	854a                	mv	a0,s2
80003cf4:	21b9                	jal	80004142 <strnlen>
80003cf6:	87aa                	mv	a5,a0
80003cf8:	40f487b3          	sub	a5,s1,a5
80003cfc:	fcf42e23          	sw	a5,-36(s0)
80003d00:	a831                	j	80003d1c <vprintfmt+0x1d6>
80003d02:	fd744703          	lbu	a4,-41(s0)
80003d06:	fbc42783          	lw	a5,-68(s0)
80003d0a:	fb842583          	lw	a1,-72(s0)
80003d0e:	853a                	mv	a0,a4
80003d10:	9782                	jalr	a5
80003d12:	fdc42783          	lw	a5,-36(s0)
80003d16:	17fd                	add	a5,a5,-1
80003d18:	fcf42e23          	sw	a5,-36(s0)
80003d1c:	fdc42783          	lw	a5,-36(s0)
80003d20:	fef041e3          	bgtz	a5,80003d02 <vprintfmt+0x1bc>
80003d24:	a829                	j	80003d3e <vprintfmt+0x1f8>
80003d26:	fbc42783          	lw	a5,-68(s0)
80003d2a:	fb842583          	lw	a1,-72(s0)
80003d2e:	8526                	mv	a0,s1
80003d30:	9782                	jalr	a5
80003d32:	0905                	add	s2,s2,1
80003d34:	fdc42783          	lw	a5,-36(s0)
80003d38:	17fd                	add	a5,a5,-1
80003d3a:	fcf42e23          	sw	a5,-36(s0)
80003d3e:	00094783          	lbu	a5,0(s2)
80003d42:	84be                	mv	s1,a5
80003d44:	c89d                	beqz	s1,80003d7a <vprintfmt+0x234>
80003d46:	fd842783          	lw	a5,-40(s0)
80003d4a:	fc07cee3          	bltz	a5,80003d26 <vprintfmt+0x1e0>
80003d4e:	fd842783          	lw	a5,-40(s0)
80003d52:	17fd                	add	a5,a5,-1
80003d54:	fcf42c23          	sw	a5,-40(s0)
80003d58:	fd842783          	lw	a5,-40(s0)
80003d5c:	fc07d5e3          	bgez	a5,80003d26 <vprintfmt+0x1e0>
80003d60:	a829                	j	80003d7a <vprintfmt+0x234>
80003d62:	fbc42783          	lw	a5,-68(s0)
80003d66:	fb842583          	lw	a1,-72(s0)
80003d6a:	02000513          	li	a0,32
80003d6e:	9782                	jalr	a5
80003d70:	fdc42783          	lw	a5,-36(s0)
80003d74:	17fd                	add	a5,a5,-1
80003d76:	fcf42e23          	sw	a5,-36(s0)
80003d7a:	fdc42783          	lw	a5,-36(s0)
80003d7e:	fef042e3          	bgtz	a5,80003d62 <vprintfmt+0x21c>
80003d82:	a8f5                	j	80003e7e <vprintfmt+0x338>
80003d84:	fb040793          	add	a5,s0,-80
80003d88:	fe042583          	lw	a1,-32(s0)
80003d8c:	853e                	mv	a0,a5
80003d8e:	3391                	jal	80003ad2 <getint>
80003d90:	872a                	mv	a4,a0
80003d92:	87ae                	mv	a5,a1
80003d94:	fee42423          	sw	a4,-24(s0)
80003d98:	fef42623          	sw	a5,-20(s0)
80003d9c:	fe842703          	lw	a4,-24(s0)
80003da0:	fec42783          	lw	a5,-20(s0)
80003da4:	0207df63          	bgez	a5,80003de2 <vprintfmt+0x29c>
80003da8:	fbc42783          	lw	a5,-68(s0)
80003dac:	fb842583          	lw	a1,-72(s0)
80003db0:	02d00513          	li	a0,45
80003db4:	9782                	jalr	a5
80003db6:	fe842503          	lw	a0,-24(s0)
80003dba:	fec42583          	lw	a1,-20(s0)
80003dbe:	4701                	li	a4,0
80003dc0:	4781                	li	a5,0
80003dc2:	40a70633          	sub	a2,a4,a0
80003dc6:	8832                	mv	a6,a2
80003dc8:	01073833          	sltu	a6,a4,a6
80003dcc:	40b786b3          	sub	a3,a5,a1
80003dd0:	410687b3          	sub	a5,a3,a6
80003dd4:	86be                	mv	a3,a5
80003dd6:	8732                	mv	a4,a2
80003dd8:	87b6                	mv	a5,a3
80003dda:	fee42423          	sw	a4,-24(s0)
80003dde:	fef42623          	sw	a5,-20(s0)
80003de2:	47a9                	li	a5,10
80003de4:	fef42223          	sw	a5,-28(s0)
80003de8:	a0b9                	j	80003e36 <vprintfmt+0x2f0>
80003dea:	47a9                	li	a5,10
80003dec:	fef42223          	sw	a5,-28(s0)
80003df0:	a80d                	j	80003e22 <vprintfmt+0x2dc>
80003df2:	47a1                	li	a5,8
80003df4:	fef42223          	sw	a5,-28(s0)
80003df8:	a02d                	j	80003e22 <vprintfmt+0x2dc>
80003dfa:	4785                	li	a5,1
80003dfc:	fef42023          	sw	a5,-32(s0)
80003e00:	fbc42783          	lw	a5,-68(s0)
80003e04:	fb842583          	lw	a1,-72(s0)
80003e08:	03000513          	li	a0,48
80003e0c:	9782                	jalr	a5
80003e0e:	fbc42783          	lw	a5,-68(s0)
80003e12:	fb842583          	lw	a1,-72(s0)
80003e16:	07800513          	li	a0,120
80003e1a:	9782                	jalr	a5
80003e1c:	47c1                	li	a5,16
80003e1e:	fef42223          	sw	a5,-28(s0)
80003e22:	fb040793          	add	a5,s0,-80
80003e26:	fe042583          	lw	a1,-32(s0)
80003e2a:	853e                	mv	a0,a5
80003e2c:	391d                	jal	80003a62 <getuint>
80003e2e:	fea42423          	sw	a0,-24(s0)
80003e32:	feb42623          	sw	a1,-20(s0)
80003e36:	fe442703          	lw	a4,-28(s0)
80003e3a:	fd744783          	lbu	a5,-41(s0)
80003e3e:	883e                	mv	a6,a5
80003e40:	fdc42783          	lw	a5,-36(s0)
80003e44:	fe842603          	lw	a2,-24(s0)
80003e48:	fec42683          	lw	a3,-20(s0)
80003e4c:	fb842583          	lw	a1,-72(s0)
80003e50:	fbc42503          	lw	a0,-68(s0)
80003e54:	345d                	jal	800038fa <printnum>
80003e56:	a025                	j	80003e7e <vprintfmt+0x338>
80003e58:	fbc42783          	lw	a5,-68(s0)
80003e5c:	fb842583          	lw	a1,-72(s0)
80003e60:	8526                	mv	a0,s1
80003e62:	9782                	jalr	a5
80003e64:	a829                	j	80003e7e <vprintfmt+0x338>
80003e66:	fbc42783          	lw	a5,-68(s0)
80003e6a:	fb842583          	lw	a1,-72(s0)
80003e6e:	02500513          	li	a0,37
80003e72:	9782                	jalr	a5
80003e74:	fd042783          	lw	a5,-48(s0)
80003e78:	faf42a23          	sw	a5,-76(s0)
80003e7c:	0001                	nop
80003e7e:	b301                	j	80003b7e <vprintfmt+0x38>
80003e80:	0001                	nop
80003e82:	40b6                	lw	ra,76(sp)
80003e84:	4426                	lw	s0,72(sp)
80003e86:	4496                	lw	s1,68(sp)
80003e88:	4906                	lw	s2,64(sp)
80003e8a:	6161                	add	sp,sp,80
80003e8c:	8082                	ret

80003e8e <printf>:
80003e8e:	715d                	add	sp,sp,-80
80003e90:	d606                	sw	ra,44(sp)
80003e92:	d422                	sw	s0,40(sp)
80003e94:	1800                	add	s0,sp,48
80003e96:	fca42e23          	sw	a0,-36(s0)
80003e9a:	c04c                	sw	a1,4(s0)
80003e9c:	c410                	sw	a2,8(s0)
80003e9e:	c454                	sw	a3,12(s0)
80003ea0:	c818                	sw	a4,16(s0)
80003ea2:	c85c                	sw	a5,20(s0)
80003ea4:	01042c23          	sw	a6,24(s0)
80003ea8:	01142e23          	sw	a7,28(s0)
80003eac:	02040793          	add	a5,s0,32
80003eb0:	fcf42c23          	sw	a5,-40(s0)
80003eb4:	fd842783          	lw	a5,-40(s0)
80003eb8:	1791                	add	a5,a5,-28
80003eba:	fef42623          	sw	a5,-20(s0)
80003ebe:	fec42783          	lw	a5,-20(s0)
80003ec2:	86be                	mv	a3,a5
80003ec4:	fdc42603          	lw	a2,-36(s0)
80003ec8:	4581                	li	a1,0
80003eca:	00000517          	auipc	a0,0x0
80003ece:	91e50513          	add	a0,a0,-1762 # 800037e8 <putchar>
80003ed2:	3995                	jal	80003b46 <vprintfmt>
80003ed4:	4781                	li	a5,0
80003ed6:	853e                	mv	a0,a5
80003ed8:	50b2                	lw	ra,44(sp)
80003eda:	5422                	lw	s0,40(sp)
80003edc:	6161                	add	sp,sp,80
80003ede:	8082                	ret

80003ee0 <sprintf_putch>:
80003ee0:	7179                	add	sp,sp,-48
80003ee2:	d622                	sw	s0,44(sp)
80003ee4:	1800                	add	s0,sp,48
80003ee6:	fca42e23          	sw	a0,-36(s0)
80003eea:	fcb42c23          	sw	a1,-40(s0)
80003eee:	fd842783          	lw	a5,-40(s0)
80003ef2:	fef42623          	sw	a5,-20(s0)
80003ef6:	fec42783          	lw	a5,-20(s0)
80003efa:	439c                	lw	a5,0(a5)
80003efc:	fdc42703          	lw	a4,-36(s0)
80003f00:	0ff77713          	zext.b	a4,a4
80003f04:	00e78023          	sb	a4,0(a5)
80003f08:	fec42783          	lw	a5,-20(s0)
80003f0c:	439c                	lw	a5,0(a5)
80003f0e:	00178713          	add	a4,a5,1
80003f12:	fec42783          	lw	a5,-20(s0)
80003f16:	c398                	sw	a4,0(a5)
80003f18:	0001                	nop
80003f1a:	5432                	lw	s0,44(sp)
80003f1c:	6145                	add	sp,sp,48
80003f1e:	8082                	ret

80003f20 <sprintf>:
80003f20:	715d                	add	sp,sp,-80
80003f22:	d606                	sw	ra,44(sp)
80003f24:	d422                	sw	s0,40(sp)
80003f26:	1800                	add	s0,sp,48
80003f28:	fca42e23          	sw	a0,-36(s0)
80003f2c:	fcb42c23          	sw	a1,-40(s0)
80003f30:	c410                	sw	a2,8(s0)
80003f32:	c454                	sw	a3,12(s0)
80003f34:	c818                	sw	a4,16(s0)
80003f36:	c85c                	sw	a5,20(s0)
80003f38:	01042c23          	sw	a6,24(s0)
80003f3c:	01142e23          	sw	a7,28(s0)
80003f40:	fdc42783          	lw	a5,-36(s0)
80003f44:	fef42623          	sw	a5,-20(s0)
80003f48:	02040793          	add	a5,s0,32
80003f4c:	fcf42a23          	sw	a5,-44(s0)
80003f50:	fd442783          	lw	a5,-44(s0)
80003f54:	17a1                	add	a5,a5,-24
80003f56:	fef42423          	sw	a5,-24(s0)
80003f5a:	fe842703          	lw	a4,-24(s0)
80003f5e:	fdc40793          	add	a5,s0,-36
80003f62:	86ba                	mv	a3,a4
80003f64:	fd842603          	lw	a2,-40(s0)
80003f68:	85be                	mv	a1,a5
80003f6a:	00000517          	auipc	a0,0x0
80003f6e:	f7650513          	add	a0,a0,-138 # 80003ee0 <sprintf_putch>
80003f72:	3ed1                	jal	80003b46 <vprintfmt>
80003f74:	fdc42783          	lw	a5,-36(s0)
80003f78:	00078023          	sb	zero,0(a5)
80003f7c:	fdc42703          	lw	a4,-36(s0)
80003f80:	fec42783          	lw	a5,-20(s0)
80003f84:	40f707b3          	sub	a5,a4,a5
80003f88:	853e                	mv	a0,a5
80003f8a:	50b2                	lw	ra,44(sp)
80003f8c:	5422                	lw	s0,40(sp)
80003f8e:	6161                	add	sp,sp,80
80003f90:	8082                	ret

80003f92 <memcpy>:
80003f92:	7179                	add	sp,sp,-48
80003f94:	d622                	sw	s0,44(sp)
80003f96:	1800                	add	s0,sp,48
80003f98:	fca42e23          	sw	a0,-36(s0)
80003f9c:	fcb42c23          	sw	a1,-40(s0)
80003fa0:	fcc42a23          	sw	a2,-44(s0)
80003fa4:	fdc42703          	lw	a4,-36(s0)
80003fa8:	fd842783          	lw	a5,-40(s0)
80003fac:	8f5d                	or	a4,a4,a5
80003fae:	fd442783          	lw	a5,-44(s0)
80003fb2:	8fd9                	or	a5,a5,a4
80003fb4:	8b8d                	and	a5,a5,3
80003fb6:	e3b1                	bnez	a5,80003ffa <memcpy+0x68>
80003fb8:	fd842783          	lw	a5,-40(s0)
80003fbc:	fef42623          	sw	a5,-20(s0)
80003fc0:	fdc42783          	lw	a5,-36(s0)
80003fc4:	fef42423          	sw	a5,-24(s0)
80003fc8:	a839                	j	80003fe6 <memcpy+0x54>
80003fca:	fec42703          	lw	a4,-20(s0)
80003fce:	00470793          	add	a5,a4,4
80003fd2:	fef42623          	sw	a5,-20(s0)
80003fd6:	fe842783          	lw	a5,-24(s0)
80003fda:	00478693          	add	a3,a5,4
80003fde:	fed42423          	sw	a3,-24(s0)
80003fe2:	4318                	lw	a4,0(a4)
80003fe4:	c398                	sw	a4,0(a5)
80003fe6:	fdc42703          	lw	a4,-36(s0)
80003fea:	fd442783          	lw	a5,-44(s0)
80003fee:	97ba                	add	a5,a5,a4
80003ff0:	fe842703          	lw	a4,-24(s0)
80003ff4:	fcf76be3          	bltu	a4,a5,80003fca <memcpy+0x38>
80003ff8:	a099                	j	8000403e <memcpy+0xac>
80003ffa:	fd842783          	lw	a5,-40(s0)
80003ffe:	fef42223          	sw	a5,-28(s0)
80004002:	fdc42783          	lw	a5,-36(s0)
80004006:	fef42023          	sw	a5,-32(s0)
8000400a:	a00d                	j	8000402c <memcpy+0x9a>
8000400c:	fe442703          	lw	a4,-28(s0)
80004010:	00170793          	add	a5,a4,1
80004014:	fef42223          	sw	a5,-28(s0)
80004018:	fe042783          	lw	a5,-32(s0)
8000401c:	00178693          	add	a3,a5,1
80004020:	fed42023          	sw	a3,-32(s0)
80004024:	00074703          	lbu	a4,0(a4)
80004028:	00e78023          	sb	a4,0(a5)
8000402c:	fdc42703          	lw	a4,-36(s0)
80004030:	fd442783          	lw	a5,-44(s0)
80004034:	97ba                	add	a5,a5,a4
80004036:	fe042703          	lw	a4,-32(s0)
8000403a:	fcf769e3          	bltu	a4,a5,8000400c <memcpy+0x7a>
8000403e:	fdc42783          	lw	a5,-36(s0)
80004042:	853e                	mv	a0,a5
80004044:	5432                	lw	s0,44(sp)
80004046:	6145                	add	sp,sp,48
80004048:	8082                	ret

8000404a <memset>:
8000404a:	7179                	add	sp,sp,-48
8000404c:	d622                	sw	s0,44(sp)
8000404e:	1800                	add	s0,sp,48
80004050:	fca42e23          	sw	a0,-36(s0)
80004054:	fcb42c23          	sw	a1,-40(s0)
80004058:	fcc42a23          	sw	a2,-44(s0)
8000405c:	fdc42703          	lw	a4,-36(s0)
80004060:	fd442783          	lw	a5,-44(s0)
80004064:	8fd9                	or	a5,a5,a4
80004066:	8b8d                	and	a5,a5,3
80004068:	efb9                	bnez	a5,800040c6 <memset+0x7c>
8000406a:	fd842783          	lw	a5,-40(s0)
8000406e:	0ff7f793          	zext.b	a5,a5
80004072:	fef42223          	sw	a5,-28(s0)
80004076:	fe442783          	lw	a5,-28(s0)
8000407a:	07a2                	sll	a5,a5,0x8
8000407c:	fe442703          	lw	a4,-28(s0)
80004080:	8fd9                	or	a5,a5,a4
80004082:	fef42223          	sw	a5,-28(s0)
80004086:	fe442783          	lw	a5,-28(s0)
8000408a:	07c2                	sll	a5,a5,0x10
8000408c:	fe442703          	lw	a4,-28(s0)
80004090:	8fd9                	or	a5,a5,a4
80004092:	fef42223          	sw	a5,-28(s0)
80004096:	fdc42783          	lw	a5,-36(s0)
8000409a:	fef42623          	sw	a5,-20(s0)
8000409e:	a811                	j	800040b2 <memset+0x68>
800040a0:	fec42783          	lw	a5,-20(s0)
800040a4:	00478713          	add	a4,a5,4
800040a8:	fee42623          	sw	a4,-20(s0)
800040ac:	fe442703          	lw	a4,-28(s0)
800040b0:	c398                	sw	a4,0(a5)
800040b2:	fdc42703          	lw	a4,-36(s0)
800040b6:	fd442783          	lw	a5,-44(s0)
800040ba:	97ba                	add	a5,a5,a4
800040bc:	fec42703          	lw	a4,-20(s0)
800040c0:	fef760e3          	bltu	a4,a5,800040a0 <memset+0x56>
800040c4:	a81d                	j	800040fa <memset+0xb0>
800040c6:	fdc42783          	lw	a5,-36(s0)
800040ca:	fef42423          	sw	a5,-24(s0)
800040ce:	a829                	j	800040e8 <memset+0x9e>
800040d0:	fe842783          	lw	a5,-24(s0)
800040d4:	00178713          	add	a4,a5,1
800040d8:	fee42423          	sw	a4,-24(s0)
800040dc:	fd842703          	lw	a4,-40(s0)
800040e0:	0ff77713          	zext.b	a4,a4
800040e4:	00e78023          	sb	a4,0(a5)
800040e8:	fdc42703          	lw	a4,-36(s0)
800040ec:	fd442783          	lw	a5,-44(s0)
800040f0:	97ba                	add	a5,a5,a4
800040f2:	fe842703          	lw	a4,-24(s0)
800040f6:	fcf76de3          	bltu	a4,a5,800040d0 <memset+0x86>
800040fa:	fdc42783          	lw	a5,-36(s0)
800040fe:	853e                	mv	a0,a5
80004100:	5432                	lw	s0,44(sp)
80004102:	6145                	add	sp,sp,48
80004104:	8082                	ret

80004106 <strlen>:
80004106:	7179                	add	sp,sp,-48
80004108:	d622                	sw	s0,44(sp)
8000410a:	1800                	add	s0,sp,48
8000410c:	fca42e23          	sw	a0,-36(s0)
80004110:	fdc42783          	lw	a5,-36(s0)
80004114:	fef42623          	sw	a5,-20(s0)
80004118:	a031                	j	80004124 <strlen+0x1e>
8000411a:	fec42783          	lw	a5,-20(s0)
8000411e:	0785                	add	a5,a5,1
80004120:	fef42623          	sw	a5,-20(s0)
80004124:	fec42783          	lw	a5,-20(s0)
80004128:	0007c783          	lbu	a5,0(a5)
8000412c:	f7fd                	bnez	a5,8000411a <strlen+0x14>
8000412e:	fec42703          	lw	a4,-20(s0)
80004132:	fdc42783          	lw	a5,-36(s0)
80004136:	40f707b3          	sub	a5,a4,a5
8000413a:	853e                	mv	a0,a5
8000413c:	5432                	lw	s0,44(sp)
8000413e:	6145                	add	sp,sp,48
80004140:	8082                	ret

80004142 <strnlen>:
80004142:	7179                	add	sp,sp,-48
80004144:	d622                	sw	s0,44(sp)
80004146:	1800                	add	s0,sp,48
80004148:	fca42e23          	sw	a0,-36(s0)
8000414c:	fcb42c23          	sw	a1,-40(s0)
80004150:	fdc42783          	lw	a5,-36(s0)
80004154:	fef42623          	sw	a5,-20(s0)
80004158:	a031                	j	80004164 <strnlen+0x22>
8000415a:	fec42783          	lw	a5,-20(s0)
8000415e:	0785                	add	a5,a5,1
80004160:	fef42623          	sw	a5,-20(s0)
80004164:	fd842783          	lw	a5,-40(s0)
80004168:	fff78713          	add	a4,a5,-1
8000416c:	fce42c23          	sw	a4,-40(s0)
80004170:	c791                	beqz	a5,8000417c <strnlen+0x3a>
80004172:	fec42783          	lw	a5,-20(s0)
80004176:	0007c783          	lbu	a5,0(a5)
8000417a:	f3e5                	bnez	a5,8000415a <strnlen+0x18>
8000417c:	fec42703          	lw	a4,-20(s0)
80004180:	fdc42783          	lw	a5,-36(s0)
80004184:	40f707b3          	sub	a5,a4,a5
80004188:	853e                	mv	a0,a5
8000418a:	5432                	lw	s0,44(sp)
8000418c:	6145                	add	sp,sp,48
8000418e:	8082                	ret

80004190 <strcmp>:
80004190:	7179                	add	sp,sp,-48
80004192:	d622                	sw	s0,44(sp)
80004194:	1800                	add	s0,sp,48
80004196:	fca42e23          	sw	a0,-36(s0)
8000419a:	fcb42c23          	sw	a1,-40(s0)
8000419e:	fdc42783          	lw	a5,-36(s0)
800041a2:	00178713          	add	a4,a5,1
800041a6:	fce42e23          	sw	a4,-36(s0)
800041aa:	0007c783          	lbu	a5,0(a5)
800041ae:	fef407a3          	sb	a5,-17(s0)
800041b2:	fd842783          	lw	a5,-40(s0)
800041b6:	00178713          	add	a4,a5,1
800041ba:	fce42c23          	sw	a4,-40(s0)
800041be:	0007c783          	lbu	a5,0(a5)
800041c2:	fef40723          	sb	a5,-18(s0)
800041c6:	fef44783          	lbu	a5,-17(s0)
800041ca:	c799                	beqz	a5,800041d8 <strcmp+0x48>
800041cc:	fef44703          	lbu	a4,-17(s0)
800041d0:	fee44783          	lbu	a5,-18(s0)
800041d4:	fcf705e3          	beq	a4,a5,8000419e <strcmp+0xe>
800041d8:	fef44703          	lbu	a4,-17(s0)
800041dc:	fee44783          	lbu	a5,-18(s0)
800041e0:	40f707b3          	sub	a5,a4,a5
800041e4:	853e                	mv	a0,a5
800041e6:	5432                	lw	s0,44(sp)
800041e8:	6145                	add	sp,sp,48
800041ea:	8082                	ret

800041ec <strcpy>:
800041ec:	7179                	add	sp,sp,-48
800041ee:	d622                	sw	s0,44(sp)
800041f0:	1800                	add	s0,sp,48
800041f2:	fca42e23          	sw	a0,-36(s0)
800041f6:	fcb42c23          	sw	a1,-40(s0)
800041fa:	fdc42783          	lw	a5,-36(s0)
800041fe:	fef42623          	sw	a5,-20(s0)
80004202:	0001                	nop
80004204:	fd842703          	lw	a4,-40(s0)
80004208:	00170793          	add	a5,a4,1
8000420c:	fcf42c23          	sw	a5,-40(s0)
80004210:	fec42783          	lw	a5,-20(s0)
80004214:	00178693          	add	a3,a5,1
80004218:	fed42623          	sw	a3,-20(s0)
8000421c:	00074703          	lbu	a4,0(a4)
80004220:	00e78023          	sb	a4,0(a5)
80004224:	0007c783          	lbu	a5,0(a5)
80004228:	fff1                	bnez	a5,80004204 <strcpy+0x18>
8000422a:	fdc42783          	lw	a5,-36(s0)
8000422e:	853e                	mv	a0,a5
80004230:	5432                	lw	s0,44(sp)
80004232:	6145                	add	sp,sp,48
80004234:	8082                	ret

80004236 <atol>:
80004236:	7179                	add	sp,sp,-48
80004238:	d622                	sw	s0,44(sp)
8000423a:	1800                	add	s0,sp,48
8000423c:	fca42e23          	sw	a0,-36(s0)
80004240:	fe042623          	sw	zero,-20(s0)
80004244:	fe042423          	sw	zero,-24(s0)
80004248:	a031                	j	80004254 <atol+0x1e>
8000424a:	fdc42783          	lw	a5,-36(s0)
8000424e:	0785                	add	a5,a5,1
80004250:	fcf42e23          	sw	a5,-36(s0)
80004254:	fdc42783          	lw	a5,-36(s0)
80004258:	0007c703          	lbu	a4,0(a5)
8000425c:	02000793          	li	a5,32
80004260:	fef705e3          	beq	a4,a5,8000424a <atol+0x14>
80004264:	fdc42783          	lw	a5,-36(s0)
80004268:	0007c703          	lbu	a4,0(a5)
8000426c:	02d00793          	li	a5,45
80004270:	00f70a63          	beq	a4,a5,80004284 <atol+0x4e>
80004274:	fdc42783          	lw	a5,-36(s0)
80004278:	0007c703          	lbu	a4,0(a5)
8000427c:	02b00793          	li	a5,43
80004280:	04f71b63          	bne	a4,a5,800042d6 <atol+0xa0>
80004284:	fdc42783          	lw	a5,-36(s0)
80004288:	0007c783          	lbu	a5,0(a5)
8000428c:	fd378793          	add	a5,a5,-45
80004290:	0017b793          	seqz	a5,a5
80004294:	0ff7f793          	zext.b	a5,a5
80004298:	fef42423          	sw	a5,-24(s0)
8000429c:	fdc42783          	lw	a5,-36(s0)
800042a0:	0785                	add	a5,a5,1
800042a2:	fcf42e23          	sw	a5,-36(s0)
800042a6:	a805                	j	800042d6 <atol+0xa0>
800042a8:	fec42703          	lw	a4,-20(s0)
800042ac:	87ba                	mv	a5,a4
800042ae:	078a                	sll	a5,a5,0x2
800042b0:	97ba                	add	a5,a5,a4
800042b2:	0786                	sll	a5,a5,0x1
800042b4:	fef42623          	sw	a5,-20(s0)
800042b8:	fdc42783          	lw	a5,-36(s0)
800042bc:	00178713          	add	a4,a5,1
800042c0:	fce42e23          	sw	a4,-36(s0)
800042c4:	0007c783          	lbu	a5,0(a5)
800042c8:	fd078793          	add	a5,a5,-48
800042cc:	fec42703          	lw	a4,-20(s0)
800042d0:	97ba                	add	a5,a5,a4
800042d2:	fef42623          	sw	a5,-20(s0)
800042d6:	fdc42783          	lw	a5,-36(s0)
800042da:	0007c783          	lbu	a5,0(a5)
800042de:	f7e9                	bnez	a5,800042a8 <atol+0x72>
800042e0:	fe842783          	lw	a5,-24(s0)
800042e4:	c791                	beqz	a5,800042f0 <atol+0xba>
800042e6:	fec42783          	lw	a5,-20(s0)
800042ea:	40f007b3          	neg	a5,a5
800042ee:	a019                	j	800042f4 <atol+0xbe>
800042f0:	fec42783          	lw	a5,-20(s0)
800042f4:	853e                	mv	a0,a5
800042f6:	5432                	lw	s0,44(sp)
800042f8:	6145                	add	sp,sp,48
800042fa:	8082                	ret

800042fc <__udivdi3>:
800042fc:	8832                	mv	a6,a2
800042fe:	88aa                	mv	a7,a0
80004300:	872e                	mv	a4,a1
80004302:	ead5                	bnez	a3,800043b6 <__udivdi3+0xba>
80004304:	0ec5ff63          	bgeu	a1,a2,80004402 <__udivdi3+0x106>
80004308:	67c1                	lui	a5,0x10
8000430a:	18f66c63          	bltu	a2,a5,800044a2 <__udivdi3+0x1a6>
8000430e:	010007b7          	lui	a5,0x1000
80004312:	46e1                	li	a3,24
80004314:	00f67363          	bgeu	a2,a5,8000431a <__udivdi3+0x1e>
80004318:	46c1                	li	a3,16
8000431a:	800057b7          	lui	a5,0x80005
8000431e:	00d65333          	srl	t1,a2,a3
80004322:	1ac78793          	add	a5,a5,428 # 800051ac <__clz_tab>
80004326:	979a                	add	a5,a5,t1
80004328:	0007c783          	lbu	a5,0(a5)
8000432c:	02000313          	li	t1,32
80004330:	97b6                	add	a5,a5,a3
80004332:	40f306b3          	sub	a3,t1,a5
80004336:	00f30b63          	beq	t1,a5,8000434c <__udivdi3+0x50>
8000433a:	00d59733          	sll	a4,a1,a3
8000433e:	00f557b3          	srl	a5,a0,a5
80004342:	00d61833          	sll	a6,a2,a3
80004346:	8f5d                	or	a4,a4,a5
80004348:	00d518b3          	sll	a7,a0,a3
8000434c:	01085613          	srl	a2,a6,0x10
80004350:	02c75533          	divu	a0,a4,a2
80004354:	01081693          	sll	a3,a6,0x10
80004358:	82c1                	srl	a3,a3,0x10
8000435a:	0108d793          	srl	a5,a7,0x10
8000435e:	02c77733          	remu	a4,a4,a2
80004362:	02a685b3          	mul	a1,a3,a0
80004366:	0742                	sll	a4,a4,0x10
80004368:	8fd9                	or	a5,a5,a4
8000436a:	00b7fa63          	bgeu	a5,a1,8000437e <__udivdi3+0x82>
8000436e:	97c2                	add	a5,a5,a6
80004370:	fff50713          	add	a4,a0,-1
80004374:	0107e463          	bltu	a5,a6,8000437c <__udivdi3+0x80>
80004378:	30b7e063          	bltu	a5,a1,80004678 <__udivdi3+0x37c>
8000437c:	853a                	mv	a0,a4
8000437e:	8f8d                	sub	a5,a5,a1
80004380:	02c7d733          	divu	a4,a5,a2
80004384:	08c2                	sll	a7,a7,0x10
80004386:	0108d893          	srl	a7,a7,0x10
8000438a:	02c7f7b3          	remu	a5,a5,a2
8000438e:	02e686b3          	mul	a3,a3,a4
80004392:	07c2                	sll	a5,a5,0x10
80004394:	00f8e8b3          	or	a7,a7,a5
80004398:	00d8fb63          	bgeu	a7,a3,800043ae <__udivdi3+0xb2>
8000439c:	98c2                	add	a7,a7,a6
8000439e:	fff70793          	add	a5,a4,-1
800043a2:	0108e563          	bltu	a7,a6,800043ac <__udivdi3+0xb0>
800043a6:	1779                	add	a4,a4,-2
800043a8:	00d8e363          	bltu	a7,a3,800043ae <__udivdi3+0xb2>
800043ac:	873e                	mv	a4,a5
800043ae:	0542                	sll	a0,a0,0x10
800043b0:	8d59                	or	a0,a0,a4
800043b2:	4581                	li	a1,0
800043b4:	8082                	ret
800043b6:	00d5f563          	bgeu	a1,a3,800043c0 <__udivdi3+0xc4>
800043ba:	4581                	li	a1,0
800043bc:	4501                	li	a0,0
800043be:	8082                	ret
800043c0:	67c1                	lui	a5,0x10
800043c2:	18f6e863          	bltu	a3,a5,80004552 <__udivdi3+0x256>
800043c6:	010007b7          	lui	a5,0x1000
800043ca:	4861                	li	a6,24
800043cc:	00f6f363          	bgeu	a3,a5,800043d2 <__udivdi3+0xd6>
800043d0:	4841                	li	a6,16
800043d2:	800057b7          	lui	a5,0x80005
800043d6:	0106d733          	srl	a4,a3,a6
800043da:	1ac78793          	add	a5,a5,428 # 800051ac <__clz_tab>
800043de:	97ba                	add	a5,a5,a4
800043e0:	0007c703          	lbu	a4,0(a5)
800043e4:	02000793          	li	a5,32
800043e8:	9742                	add	a4,a4,a6
800043ea:	40e78833          	sub	a6,a5,a4
800043ee:	16e79863          	bne	a5,a4,8000455e <__udivdi3+0x262>
800043f2:	26b6e563          	bltu	a3,a1,8000465c <__udivdi3+0x360>
800043f6:	00c53533          	sltu	a0,a0,a2
800043fa:	00153513          	seqz	a0,a0
800043fe:	4581                	li	a1,0
80004400:	8082                	ret
80004402:	c655                	beqz	a2,800044ae <__udivdi3+0x1b2>
80004404:	67c1                	lui	a5,0x10
80004406:	24f67363          	bgeu	a2,a5,8000464c <__udivdi3+0x350>
8000440a:	10063713          	sltiu	a4,a2,256
8000440e:	00173713          	seqz	a4,a4
80004412:	070e                	sll	a4,a4,0x3
80004414:	00e656b3          	srl	a3,a2,a4
80004418:	800057b7          	lui	a5,0x80005
8000441c:	1ac78793          	add	a5,a5,428 # 800051ac <__clz_tab>
80004420:	97b6                	add	a5,a5,a3
80004422:	0007c783          	lbu	a5,0(a5)
80004426:	02000693          	li	a3,32
8000442a:	97ba                	add	a5,a5,a4
8000442c:	40f68eb3          	sub	t4,a3,a5
80004430:	08f69f63          	bne	a3,a5,800044ce <__udivdi3+0x1d2>
80004434:	40c587b3          	sub	a5,a1,a2
80004438:	01065693          	srl	a3,a2,0x10
8000443c:	0642                	sll	a2,a2,0x10
8000443e:	8241                	srl	a2,a2,0x10
80004440:	4585                	li	a1,1
80004442:	02d7d533          	divu	a0,a5,a3
80004446:	0108d713          	srl	a4,a7,0x10
8000444a:	02d7f7b3          	remu	a5,a5,a3
8000444e:	02c50333          	mul	t1,a0,a2
80004452:	07c2                	sll	a5,a5,0x10
80004454:	8fd9                	or	a5,a5,a4
80004456:	0067fa63          	bgeu	a5,t1,8000446a <__udivdi3+0x16e>
8000445a:	97c2                	add	a5,a5,a6
8000445c:	fff50713          	add	a4,a0,-1
80004460:	0107e463          	bltu	a5,a6,80004468 <__udivdi3+0x16c>
80004464:	2067e763          	bltu	a5,t1,80004672 <__udivdi3+0x376>
80004468:	853a                	mv	a0,a4
8000446a:	406787b3          	sub	a5,a5,t1
8000446e:	02d7d733          	divu	a4,a5,a3
80004472:	08c2                	sll	a7,a7,0x10
80004474:	0108d893          	srl	a7,a7,0x10
80004478:	02d7f7b3          	remu	a5,a5,a3
8000447c:	02c70633          	mul	a2,a4,a2
80004480:	07c2                	sll	a5,a5,0x10
80004482:	00f8e8b3          	or	a7,a7,a5
80004486:	00c8fb63          	bgeu	a7,a2,8000449c <__udivdi3+0x1a0>
8000448a:	98c2                	add	a7,a7,a6
8000448c:	fff70793          	add	a5,a4,-1
80004490:	0108e563          	bltu	a7,a6,8000449a <__udivdi3+0x19e>
80004494:	1779                	add	a4,a4,-2
80004496:	00c8e363          	bltu	a7,a2,8000449c <__udivdi3+0x1a0>
8000449a:	873e                	mv	a4,a5
8000449c:	0542                	sll	a0,a0,0x10
8000449e:	8d59                	or	a0,a0,a4
800044a0:	8082                	ret
800044a2:	10063693          	sltiu	a3,a2,256
800044a6:	0016b693          	seqz	a3,a3
800044aa:	068e                	sll	a3,a3,0x3
800044ac:	b5bd                	j	8000431a <__udivdi3+0x1e>
800044ae:	800057b7          	lui	a5,0x80005
800044b2:	4681                	li	a3,0
800044b4:	1ac78793          	add	a5,a5,428 # 800051ac <__clz_tab>
800044b8:	97b6                	add	a5,a5,a3
800044ba:	0007c783          	lbu	a5,0(a5)
800044be:	4701                	li	a4,0
800044c0:	02000693          	li	a3,32
800044c4:	97ba                	add	a5,a5,a4
800044c6:	40f68eb3          	sub	t4,a3,a5
800044ca:	f6f685e3          	beq	a3,a5,80004434 <__udivdi3+0x138>
800044ce:	01d61833          	sll	a6,a2,t4
800044d2:	00f5d333          	srl	t1,a1,a5
800044d6:	01085693          	srl	a3,a6,0x10
800044da:	02d35e33          	divu	t3,t1,a3
800044de:	01081613          	sll	a2,a6,0x10
800044e2:	01d595b3          	sll	a1,a1,t4
800044e6:	8241                	srl	a2,a2,0x10
800044e8:	00f557b3          	srl	a5,a0,a5
800044ec:	8fcd                	or	a5,a5,a1
800044ee:	0107d713          	srl	a4,a5,0x10
800044f2:	01d518b3          	sll	a7,a0,t4
800044f6:	02d37333          	remu	t1,t1,a3
800044fa:	03c605b3          	mul	a1,a2,t3
800044fe:	0342                	sll	t1,t1,0x10
80004500:	00676733          	or	a4,a4,t1
80004504:	00b77b63          	bgeu	a4,a1,8000451a <__udivdi3+0x21e>
80004508:	9742                	add	a4,a4,a6
8000450a:	fffe0513          	add	a0,t3,-1
8000450e:	15076e63          	bltu	a4,a6,8000466a <__udivdi3+0x36e>
80004512:	14b77c63          	bgeu	a4,a1,8000466a <__udivdi3+0x36e>
80004516:	1e79                	add	t3,t3,-2
80004518:	9742                	add	a4,a4,a6
8000451a:	8f0d                	sub	a4,a4,a1
8000451c:	02d75533          	divu	a0,a4,a3
80004520:	07c2                	sll	a5,a5,0x10
80004522:	83c1                	srl	a5,a5,0x10
80004524:	02d77733          	remu	a4,a4,a3
80004528:	02a60333          	mul	t1,a2,a0
8000452c:	0742                	sll	a4,a4,0x10
8000452e:	8fd9                	or	a5,a5,a4
80004530:	0067fb63          	bgeu	a5,t1,80004546 <__udivdi3+0x24a>
80004534:	97c2                	add	a5,a5,a6
80004536:	fff50713          	add	a4,a0,-1
8000453a:	1307e463          	bltu	a5,a6,80004662 <__udivdi3+0x366>
8000453e:	1267f263          	bgeu	a5,t1,80004662 <__udivdi3+0x366>
80004542:	1579                	add	a0,a0,-2
80004544:	97c2                	add	a5,a5,a6
80004546:	010e1593          	sll	a1,t3,0x10
8000454a:	406787b3          	sub	a5,a5,t1
8000454e:	8dc9                	or	a1,a1,a0
80004550:	bdcd                	j	80004442 <__udivdi3+0x146>
80004552:	1006b813          	sltiu	a6,a3,256
80004556:	00183813          	seqz	a6,a6
8000455a:	080e                	sll	a6,a6,0x3
8000455c:	bd9d                	j	800043d2 <__udivdi3+0xd6>
8000455e:	00e65e33          	srl	t3,a2,a4
80004562:	010696b3          	sll	a3,a3,a6
80004566:	00de6e33          	or	t3,t3,a3
8000456a:	00e5d8b3          	srl	a7,a1,a4
8000456e:	010e5e93          	srl	t4,t3,0x10
80004572:	03d8d7b3          	divu	a5,a7,t4
80004576:	010e1313          	sll	t1,t3,0x10
8000457a:	010595b3          	sll	a1,a1,a6
8000457e:	01035313          	srl	t1,t1,0x10
80004582:	00e55733          	srl	a4,a0,a4
80004586:	8f4d                	or	a4,a4,a1
80004588:	01075693          	srl	a3,a4,0x10
8000458c:	01061633          	sll	a2,a2,a6
80004590:	03d8f8b3          	remu	a7,a7,t4
80004594:	02f305b3          	mul	a1,t1,a5
80004598:	08c2                	sll	a7,a7,0x10
8000459a:	0116e6b3          	or	a3,a3,a7
8000459e:	00b6fb63          	bgeu	a3,a1,800045b4 <__udivdi3+0x2b8>
800045a2:	96f2                	add	a3,a3,t3
800045a4:	fff78893          	add	a7,a5,-1
800045a8:	0dc6e363          	bltu	a3,t3,8000466e <__udivdi3+0x372>
800045ac:	0cb6f163          	bgeu	a3,a1,8000466e <__udivdi3+0x372>
800045b0:	17f9                	add	a5,a5,-2
800045b2:	96f2                	add	a3,a3,t3
800045b4:	8e8d                	sub	a3,a3,a1
800045b6:	03d6d5b3          	divu	a1,a3,t4
800045ba:	0742                	sll	a4,a4,0x10
800045bc:	8341                	srl	a4,a4,0x10
800045be:	03d6f6b3          	remu	a3,a3,t4
800045c2:	02b308b3          	mul	a7,t1,a1
800045c6:	06c2                	sll	a3,a3,0x10
800045c8:	8f55                	or	a4,a4,a3
800045ca:	01177b63          	bgeu	a4,a7,800045e0 <__udivdi3+0x2e4>
800045ce:	9772                	add	a4,a4,t3
800045d0:	fff58693          	add	a3,a1,-1
800045d4:	09c76963          	bltu	a4,t3,80004666 <__udivdi3+0x36a>
800045d8:	09177763          	bgeu	a4,a7,80004666 <__udivdi3+0x36a>
800045dc:	15f9                	add	a1,a1,-2
800045de:	9772                	add	a4,a4,t3
800045e0:	07c2                	sll	a5,a5,0x10
800045e2:	6ec1                	lui	t4,0x10
800045e4:	8fcd                	or	a5,a5,a1
800045e6:	fffe8693          	add	a3,t4,-1 # ffff <buflen.2+0xff7f>
800045ea:	00d7f5b3          	and	a1,a5,a3
800045ee:	0107d313          	srl	t1,a5,0x10
800045f2:	8ef1                	and	a3,a3,a2
800045f4:	8241                	srl	a2,a2,0x10
800045f6:	02d58e33          	mul	t3,a1,a3
800045fa:	41170733          	sub	a4,a4,a7
800045fe:	02d306b3          	mul	a3,t1,a3
80004602:	010e5893          	srl	a7,t3,0x10
80004606:	02c585b3          	mul	a1,a1,a2
8000460a:	95b6                	add	a1,a1,a3
8000460c:	95c6                	add	a1,a1,a7
8000460e:	02c30333          	mul	t1,t1,a2
80004612:	00d5f363          	bgeu	a1,a3,80004618 <__udivdi3+0x31c>
80004616:	9376                	add	t1,t1,t4
80004618:	0105d693          	srl	a3,a1,0x10
8000461c:	969a                	add	a3,a3,t1
8000461e:	02d76363          	bltu	a4,a3,80004644 <__udivdi3+0x348>
80004622:	00d70563          	beq	a4,a3,8000462c <__udivdi3+0x330>
80004626:	853e                	mv	a0,a5
80004628:	4581                	li	a1,0
8000462a:	8082                	ret
8000462c:	66c1                	lui	a3,0x10
8000462e:	16fd                	add	a3,a3,-1 # ffff <buflen.2+0xff7f>
80004630:	00d5f733          	and	a4,a1,a3
80004634:	0742                	sll	a4,a4,0x10
80004636:	00de7e33          	and	t3,t3,a3
8000463a:	01051533          	sll	a0,a0,a6
8000463e:	9772                	add	a4,a4,t3
80004640:	fee573e3          	bgeu	a0,a4,80004626 <__udivdi3+0x32a>
80004644:	fff78513          	add	a0,a5,-1
80004648:	4581                	li	a1,0
8000464a:	8082                	ret
8000464c:	010007b7          	lui	a5,0x1000
80004650:	02f67763          	bgeu	a2,a5,8000467e <__udivdi3+0x382>
80004654:	01065693          	srl	a3,a2,0x10
80004658:	4741                	li	a4,16
8000465a:	bb7d                	j	80004418 <__udivdi3+0x11c>
8000465c:	4581                	li	a1,0
8000465e:	4505                	li	a0,1
80004660:	8082                	ret
80004662:	853a                	mv	a0,a4
80004664:	b5cd                	j	80004546 <__udivdi3+0x24a>
80004666:	85b6                	mv	a1,a3
80004668:	bfa5                	j	800045e0 <__udivdi3+0x2e4>
8000466a:	8e2a                	mv	t3,a0
8000466c:	b57d                	j	8000451a <__udivdi3+0x21e>
8000466e:	87c6                	mv	a5,a7
80004670:	b791                	j	800045b4 <__udivdi3+0x2b8>
80004672:	1579                	add	a0,a0,-2
80004674:	97c2                	add	a5,a5,a6
80004676:	bbd5                	j	8000446a <__udivdi3+0x16e>
80004678:	1579                	add	a0,a0,-2
8000467a:	97c2                	add	a5,a5,a6
8000467c:	b309                	j	8000437e <__udivdi3+0x82>
8000467e:	01865693          	srl	a3,a2,0x18
80004682:	4761                	li	a4,24
80004684:	bb51                	j	80004418 <__udivdi3+0x11c>

80004686 <__umoddi3>:
80004686:	8832                	mv	a6,a2
80004688:	88aa                	mv	a7,a0
8000468a:	832e                	mv	t1,a1
8000468c:	872e                	mv	a4,a1
8000468e:	e6cd                	bnez	a3,80004738 <__umoddi3+0xb2>
80004690:	0ec5ff63          	bgeu	a1,a2,8000478e <__umoddi3+0x108>
80004694:	67c1                	lui	a5,0x10
80004696:	18f66263          	bltu	a2,a5,8000481a <__umoddi3+0x194>
8000469a:	010007b7          	lui	a5,0x1000
8000469e:	46e1                	li	a3,24
800046a0:	00f67363          	bgeu	a2,a5,800046a6 <__umoddi3+0x20>
800046a4:	46c1                	li	a3,16
800046a6:	800057b7          	lui	a5,0x80005
800046aa:	00d65333          	srl	t1,a2,a3
800046ae:	1ac78793          	add	a5,a5,428 # 800051ac <__clz_tab>
800046b2:	979a                	add	a5,a5,t1
800046b4:	0007c783          	lbu	a5,0(a5)
800046b8:	02000313          	li	t1,32
800046bc:	97b6                	add	a5,a5,a3
800046be:	40f306b3          	sub	a3,t1,a5
800046c2:	00f30b63          	beq	t1,a5,800046d8 <__umoddi3+0x52>
800046c6:	00d59733          	sll	a4,a1,a3
800046ca:	00f557b3          	srl	a5,a0,a5
800046ce:	00d61833          	sll	a6,a2,a3
800046d2:	8f5d                	or	a4,a4,a5
800046d4:	00d518b3          	sll	a7,a0,a3
800046d8:	01085593          	srl	a1,a6,0x10
800046dc:	02b75633          	divu	a2,a4,a1
800046e0:	01081313          	sll	t1,a6,0x10
800046e4:	01035313          	srl	t1,t1,0x10
800046e8:	0108d793          	srl	a5,a7,0x10
800046ec:	02b77733          	remu	a4,a4,a1
800046f0:	02660633          	mul	a2,a2,t1
800046f4:	0742                	sll	a4,a4,0x10
800046f6:	8fd9                	or	a5,a5,a4
800046f8:	00c7f763          	bgeu	a5,a2,80004706 <__umoddi3+0x80>
800046fc:	97c2                	add	a5,a5,a6
800046fe:	0107e463          	bltu	a5,a6,80004706 <__umoddi3+0x80>
80004702:	2ec7e663          	bltu	a5,a2,800049ee <__umoddi3+0x368>
80004706:	8f91                	sub	a5,a5,a2
80004708:	02b7d733          	divu	a4,a5,a1
8000470c:	01089513          	sll	a0,a7,0x10
80004710:	8141                	srl	a0,a0,0x10
80004712:	02b7f7b3          	remu	a5,a5,a1
80004716:	02670733          	mul	a4,a4,t1
8000471a:	07c2                	sll	a5,a5,0x10
8000471c:	8d5d                	or	a0,a0,a5
8000471e:	00e57863          	bgeu	a0,a4,8000472e <__umoddi3+0xa8>
80004722:	9542                	add	a0,a0,a6
80004724:	01056563          	bltu	a0,a6,8000472e <__umoddi3+0xa8>
80004728:	00e57363          	bgeu	a0,a4,8000472e <__umoddi3+0xa8>
8000472c:	9542                	add	a0,a0,a6
8000472e:	8d19                	sub	a0,a0,a4
80004730:	00d55533          	srl	a0,a0,a3
80004734:	4581                	li	a1,0
80004736:	8082                	ret
80004738:	00d5f363          	bgeu	a1,a3,8000473e <__umoddi3+0xb8>
8000473c:	8082                	ret
8000473e:	67c1                	lui	a5,0x10
80004740:	16f6eb63          	bltu	a3,a5,800048b6 <__umoddi3+0x230>
80004744:	010007b7          	lui	a5,0x1000
80004748:	4861                	li	a6,24
8000474a:	00f6f363          	bgeu	a3,a5,80004750 <__umoddi3+0xca>
8000474e:	4841                	li	a6,16
80004750:	800057b7          	lui	a5,0x80005
80004754:	0106d733          	srl	a4,a3,a6
80004758:	1ac78793          	add	a5,a5,428 # 800051ac <__clz_tab>
8000475c:	97ba                	add	a5,a5,a4
8000475e:	0007c703          	lbu	a4,0(a5)
80004762:	02000793          	li	a5,32
80004766:	9742                	add	a4,a4,a6
80004768:	40e78833          	sub	a6,a5,a4
8000476c:	14e79b63          	bne	a5,a4,800048c2 <__umoddi3+0x23c>
80004770:	00b6e463          	bltu	a3,a1,80004778 <__umoddi3+0xf2>
80004774:	00c56a63          	bltu	a0,a2,80004788 <__umoddi3+0x102>
80004778:	40c508b3          	sub	a7,a0,a2
8000477c:	40d586b3          	sub	a3,a1,a3
80004780:	01153333          	sltu	t1,a0,a7
80004784:	40668333          	sub	t1,a3,t1
80004788:	8546                	mv	a0,a7
8000478a:	859a                	mv	a1,t1
8000478c:	8082                	ret
8000478e:	ce41                	beqz	a2,80004826 <__umoddi3+0x1a0>
80004790:	67c1                	lui	a5,0x10
80004792:	24f67263          	bgeu	a2,a5,800049d6 <__umoddi3+0x350>
80004796:	10063713          	sltiu	a4,a2,256
8000479a:	00173713          	seqz	a4,a4
8000479e:	070e                	sll	a4,a4,0x3
800047a0:	00e656b3          	srl	a3,a2,a4
800047a4:	800057b7          	lui	a5,0x80005
800047a8:	1ac78793          	add	a5,a5,428 # 800051ac <__clz_tab>
800047ac:	97b6                	add	a5,a5,a3
800047ae:	0007c783          	lbu	a5,0(a5)
800047b2:	02000313          	li	t1,32
800047b6:	97ba                	add	a5,a5,a4
800047b8:	40f306b3          	sub	a3,t1,a5
800047bc:	08f31563          	bne	t1,a5,80004846 <__umoddi3+0x1c0>
800047c0:	40c58733          	sub	a4,a1,a2
800047c4:	01065313          	srl	t1,a2,0x10
800047c8:	0642                	sll	a2,a2,0x10
800047ca:	8241                	srl	a2,a2,0x10
800047cc:	026755b3          	divu	a1,a4,t1
800047d0:	0108d793          	srl	a5,a7,0x10
800047d4:	02677733          	remu	a4,a4,t1
800047d8:	02c585b3          	mul	a1,a1,a2
800047dc:	0742                	sll	a4,a4,0x10
800047de:	8fd9                	or	a5,a5,a4
800047e0:	00b7f863          	bgeu	a5,a1,800047f0 <__umoddi3+0x16a>
800047e4:	97c2                	add	a5,a5,a6
800047e6:	0107e563          	bltu	a5,a6,800047f0 <__umoddi3+0x16a>
800047ea:	00b7f363          	bgeu	a5,a1,800047f0 <__umoddi3+0x16a>
800047ee:	97c2                	add	a5,a5,a6
800047f0:	8f8d                	sub	a5,a5,a1
800047f2:	0267d733          	divu	a4,a5,t1
800047f6:	08c2                	sll	a7,a7,0x10
800047f8:	0108d893          	srl	a7,a7,0x10
800047fc:	0267f7b3          	remu	a5,a5,t1
80004800:	02c70733          	mul	a4,a4,a2
80004804:	01079513          	sll	a0,a5,0x10
80004808:	00a8e533          	or	a0,a7,a0
8000480c:	f0e56be3          	bltu	a0,a4,80004722 <__umoddi3+0x9c>
80004810:	8d19                	sub	a0,a0,a4
80004812:	00d55533          	srl	a0,a0,a3
80004816:	4581                	li	a1,0
80004818:	8082                	ret
8000481a:	10063693          	sltiu	a3,a2,256
8000481e:	0016b693          	seqz	a3,a3
80004822:	068e                	sll	a3,a3,0x3
80004824:	b549                	j	800046a6 <__umoddi3+0x20>
80004826:	800057b7          	lui	a5,0x80005
8000482a:	4681                	li	a3,0
8000482c:	1ac78793          	add	a5,a5,428 # 800051ac <__clz_tab>
80004830:	97b6                	add	a5,a5,a3
80004832:	0007c783          	lbu	a5,0(a5)
80004836:	4701                	li	a4,0
80004838:	02000313          	li	t1,32
8000483c:	97ba                	add	a5,a5,a4
8000483e:	40f306b3          	sub	a3,t1,a5
80004842:	f6f30fe3          	beq	t1,a5,800047c0 <__umoddi3+0x13a>
80004846:	00d61833          	sll	a6,a2,a3
8000484a:	00f5de33          	srl	t3,a1,a5
8000484e:	01085313          	srl	t1,a6,0x10
80004852:	026e5eb3          	divu	t4,t3,t1
80004856:	01081613          	sll	a2,a6,0x10
8000485a:	00d595b3          	sll	a1,a1,a3
8000485e:	00f55733          	srl	a4,a0,a5
80004862:	8241                	srl	a2,a2,0x10
80004864:	8f4d                	or	a4,a4,a1
80004866:	01075793          	srl	a5,a4,0x10
8000486a:	00d518b3          	sll	a7,a0,a3
8000486e:	026e7e33          	remu	t3,t3,t1
80004872:	02ce85b3          	mul	a1,t4,a2
80004876:	0e42                	sll	t3,t3,0x10
80004878:	01c7e7b3          	or	a5,a5,t3
8000487c:	00b7f863          	bgeu	a5,a1,8000488c <__umoddi3+0x206>
80004880:	97c2                	add	a5,a5,a6
80004882:	0107e563          	bltu	a5,a6,8000488c <__umoddi3+0x206>
80004886:	00b7f363          	bgeu	a5,a1,8000488c <__umoddi3+0x206>
8000488a:	97c2                	add	a5,a5,a6
8000488c:	8f8d                	sub	a5,a5,a1
8000488e:	0267d5b3          	divu	a1,a5,t1
80004892:	0742                	sll	a4,a4,0x10
80004894:	8341                	srl	a4,a4,0x10
80004896:	0267f7b3          	remu	a5,a5,t1
8000489a:	02c585b3          	mul	a1,a1,a2
8000489e:	07c2                	sll	a5,a5,0x10
800048a0:	8f5d                	or	a4,a4,a5
800048a2:	00b77863          	bgeu	a4,a1,800048b2 <__umoddi3+0x22c>
800048a6:	9742                	add	a4,a4,a6
800048a8:	01076563          	bltu	a4,a6,800048b2 <__umoddi3+0x22c>
800048ac:	00b77363          	bgeu	a4,a1,800048b2 <__umoddi3+0x22c>
800048b0:	9742                	add	a4,a4,a6
800048b2:	8f0d                	sub	a4,a4,a1
800048b4:	bf21                	j	800047cc <__umoddi3+0x146>
800048b6:	1006b813          	sltiu	a6,a3,256
800048ba:	00183813          	seqz	a6,a6
800048be:	080e                	sll	a6,a6,0x3
800048c0:	bd41                	j	80004750 <__umoddi3+0xca>
800048c2:	010696b3          	sll	a3,a3,a6
800048c6:	00e658b3          	srl	a7,a2,a4
800048ca:	00d8e8b3          	or	a7,a7,a3
800048ce:	00e5de33          	srl	t3,a1,a4
800048d2:	0108df13          	srl	t5,a7,0x10
800048d6:	03ee57b3          	divu	a5,t3,t5
800048da:	01089e93          	sll	t4,a7,0x10
800048de:	010ede93          	srl	t4,t4,0x10
800048e2:	00e556b3          	srl	a3,a0,a4
800048e6:	01051333          	sll	t1,a0,a6
800048ea:	010595b3          	sll	a1,a1,a6
800048ee:	8dd5                	or	a1,a1,a3
800048f0:	0105d693          	srl	a3,a1,0x10
800048f4:	01061633          	sll	a2,a2,a6
800048f8:	03ee7e33          	remu	t3,t3,t5
800048fc:	02fe8533          	mul	a0,t4,a5
80004900:	0e42                	sll	t3,t3,0x10
80004902:	01c6e6b3          	or	a3,a3,t3
80004906:	00a6fb63          	bgeu	a3,a0,8000491c <__umoddi3+0x296>
8000490a:	96c6                	add	a3,a3,a7
8000490c:	fff78e13          	add	t3,a5,-1
80004910:	0d16ed63          	bltu	a3,a7,800049ea <__umoddi3+0x364>
80004914:	0ca6fb63          	bgeu	a3,a0,800049ea <__umoddi3+0x364>
80004918:	17f9                	add	a5,a5,-2
8000491a:	96c6                	add	a3,a3,a7
8000491c:	8e89                	sub	a3,a3,a0
8000491e:	03e6d533          	divu	a0,a3,t5
80004922:	05c2                	sll	a1,a1,0x10
80004924:	81c1                	srl	a1,a1,0x10
80004926:	03e6f6b3          	remu	a3,a3,t5
8000492a:	02ae8eb3          	mul	t4,t4,a0
8000492e:	06c2                	sll	a3,a3,0x10
80004930:	8dd5                	or	a1,a1,a3
80004932:	01d5fb63          	bgeu	a1,t4,80004948 <__umoddi3+0x2c2>
80004936:	95c6                	add	a1,a1,a7
80004938:	fff50693          	add	a3,a0,-1
8000493c:	0b15e563          	bltu	a1,a7,800049e6 <__umoddi3+0x360>
80004940:	0bd5f363          	bgeu	a1,t4,800049e6 <__umoddi3+0x360>
80004944:	1579                	add	a0,a0,-2
80004946:	95c6                	add	a1,a1,a7
80004948:	01079693          	sll	a3,a5,0x10
8000494c:	62c1                	lui	t0,0x10
8000494e:	8ec9                	or	a3,a3,a0
80004950:	fff28513          	add	a0,t0,-1 # ffff <buflen.2+0xff7f>
80004954:	00a6fe33          	and	t3,a3,a0
80004958:	01065f93          	srl	t6,a2,0x10
8000495c:	82c1                	srl	a3,a3,0x10
8000495e:	8d71                	and	a0,a0,a2
80004960:	02ae0f33          	mul	t5,t3,a0
80004964:	41d585b3          	sub	a1,a1,t4
80004968:	02a68533          	mul	a0,a3,a0
8000496c:	010f5793          	srl	a5,t5,0x10
80004970:	03fe0e33          	mul	t3,t3,t6
80004974:	9e2a                	add	t3,t3,a0
80004976:	97f2                	add	a5,a5,t3
80004978:	03f686b3          	mul	a3,a3,t6
8000497c:	00a7f363          	bgeu	a5,a0,80004982 <__umoddi3+0x2fc>
80004980:	9696                	add	a3,a3,t0
80004982:	6ec1                	lui	t4,0x10
80004984:	1efd                	add	t4,t4,-1 # ffff <buflen.2+0xff7f>
80004986:	01d7f533          	and	a0,a5,t4
8000498a:	0107de13          	srl	t3,a5,0x10
8000498e:	0542                	sll	a0,a0,0x10
80004990:	01df7f33          	and	t5,t5,t4
80004994:	00de07b3          	add	a5,t3,a3
80004998:	957a                	add	a0,a0,t5
8000499a:	02f5e563          	bltu	a1,a5,800049c4 <__umoddi3+0x33e>
8000499e:	02f58163          	beq	a1,a5,800049c0 <__umoddi3+0x33a>
800049a2:	40a30533          	sub	a0,t1,a0
800049a6:	00a33333          	sltu	t1,t1,a0
800049aa:	8d9d                	sub	a1,a1,a5
800049ac:	406585b3          	sub	a1,a1,t1
800049b0:	00e59733          	sll	a4,a1,a4
800049b4:	01055533          	srl	a0,a0,a6
800049b8:	8d59                	or	a0,a0,a4
800049ba:	0105d5b3          	srl	a1,a1,a6
800049be:	8082                	ret
800049c0:	fea371e3          	bgeu	t1,a0,800049a2 <__umoddi3+0x31c>
800049c4:	40c50633          	sub	a2,a0,a2
800049c8:	00c53533          	sltu	a0,a0,a2
800049cc:	98aa                	add	a7,a7,a0
800049ce:	411787b3          	sub	a5,a5,a7
800049d2:	8532                	mv	a0,a2
800049d4:	b7f9                	j	800049a2 <__umoddi3+0x31c>
800049d6:	010007b7          	lui	a5,0x1000
800049da:	00f67c63          	bgeu	a2,a5,800049f2 <__umoddi3+0x36c>
800049de:	01065693          	srl	a3,a2,0x10
800049e2:	4741                	li	a4,16
800049e4:	b3c1                	j	800047a4 <__umoddi3+0x11e>
800049e6:	8536                	mv	a0,a3
800049e8:	b785                	j	80004948 <__umoddi3+0x2c2>
800049ea:	87f2                	mv	a5,t3
800049ec:	bf05                	j	8000491c <__umoddi3+0x296>
800049ee:	97c2                	add	a5,a5,a6
800049f0:	bb19                	j	80004706 <__umoddi3+0x80>
800049f2:	01865693          	srl	a3,a2,0x18
800049f6:	4761                	li	a4,24
800049f8:	b375                	j	800047a4 <__umoddi3+0x11e>

800049fa <__eqdf2>:
800049fa:	0145d713          	srl	a4,a1,0x14
800049fe:	001007b7          	lui	a5,0x100
80004a02:	17fd                	add	a5,a5,-1 # fffff <buflen.2+0xfff7f>
80004a04:	0146d813          	srl	a6,a3,0x14
80004a08:	7ff77713          	and	a4,a4,2047
80004a0c:	7ff00313          	li	t1,2047
80004a10:	00b7fe33          	and	t3,a5,a1
80004a14:	88aa                	mv	a7,a0
80004a16:	8ff5                	and	a5,a5,a3
80004a18:	81fd                	srl	a1,a1,0x1f
80004a1a:	7ff87813          	and	a6,a6,2047
80004a1e:	82fd                	srl	a3,a3,0x1f
80004a20:	4505                	li	a0,1
80004a22:	00670a63          	beq	a4,t1,80004a36 <__eqdf2+0x3c>
80004a26:	00680763          	beq	a6,t1,80004a34 <__eqdf2+0x3a>
80004a2a:	01071463          	bne	a4,a6,80004a32 <__eqdf2+0x38>
80004a2e:	02fe0063          	beq	t3,a5,80004a4e <__eqdf2+0x54>
80004a32:	8082                	ret
80004a34:	8082                	ret
80004a36:	fee81ee3          	bne	a6,a4,80004a32 <__eqdf2+0x38>
80004a3a:	00fe67b3          	or	a5,t3,a5
80004a3e:	8fd1                	or	a5,a5,a2
80004a40:	0117e7b3          	or	a5,a5,a7
80004a44:	f7fd                	bnez	a5,80004a32 <__eqdf2+0x38>
80004a46:	8d95                	sub	a1,a1,a3
80004a48:	00b03533          	snez	a0,a1
80004a4c:	8082                	ret
80004a4e:	fec892e3          	bne	a7,a2,80004a32 <__eqdf2+0x38>
80004a52:	00d58863          	beq	a1,a3,80004a62 <__eqdf2+0x68>
80004a56:	ff71                	bnez	a4,80004a32 <__eqdf2+0x38>
80004a58:	011e6e33          	or	t3,t3,a7
80004a5c:	01c03533          	snez	a0,t3
80004a60:	8082                	ret
80004a62:	4501                	li	a0,0
80004a64:	8082                	ret
