core   0: 0x0000000000010000 (0x00100413) li      s0, 1
3 0x0000000000010000 (0x00100413) x 8 0x00000001
core   0: 0x0000000000010004 (0x01f41413) slli    s0, s0, 31
3 0x0000000000010004 (0x01f41413) x 8 0x80000000
core   0: 0x0000000000010008 (0xf1402573) csrrs   a0, mhartid, zero
3 0x0000000000010008 (0xf1402573) x10 0x00000000
core   0: 0x000000000001000c (0x00000597) auipc   a1, 0x0
3 0x000000000001000c (0x00000597) x11 0x0001000c
core   0: 0x0000000000010010 (0x07458593) addi    a1, a1, 116
3 0x0000000000010010 (0x07458593) x11 0x00010080
core   0: 0x0000000000010014 (0x00040067) jr      s0
3 0x0000000000010014 (0x00040067)
core   0: 0x0000000080000000 (0x00004081) c.li    ra, 0
3 0x0000000080000000 (0x4081) x 1 0x00000000
core   0: 0x0000000080000002 (0x00004101) c.li    sp, 0
3 0x0000000080000002 (0x4101) x 2 0x00000000
core   0: 0x0000000080000004 (0x00004181) c.li    gp, 0
3 0x0000000080000004 (0x4181) x 3 0x00000000
core   0: 0x0000000080000006 (0x00004201) c.li    tp, 0
3 0x0000000080000006 (0x4201) x 4 0x00000000
core   0: 0x0000000080000008 (0x00004281) c.li    t0, 0
3 0x0000000080000008 (0x4281) x 5 0x00000000
core   0: 0x000000008000000a (0x00004301) c.li    t1, 0
3 0x000000008000000a (0x4301) x 6 0x00000000
core   0: 0x000000008000000c (0x00004381) c.li    t2, 0
3 0x000000008000000c (0x4381) x 7 0x00000000
core   0: 0x000000008000000e (0x00004401) c.li    s0, 0
3 0x000000008000000e (0x4401) x 8 0x00000000
core   0: 0x0000000080000010 (0x00004481) c.li    s1, 0
3 0x0000000080000010 (0x4481) x 9 0x00000000
core   0: 0x0000000080000012 (0x00004501) c.li    a0, 0
3 0x0000000080000012 (0x4501) x10 0x00000000
core   0: 0x0000000080000014 (0x00004581) c.li    a1, 0
3 0x0000000080000014 (0x4581) x11 0x00000000
core   0: 0x0000000080000016 (0x00004601) c.li    a2, 0
3 0x0000000080000016 (0x4601) x12 0x00000000
core   0: 0x0000000080000018 (0x00004681) c.li    a3, 0
3 0x0000000080000018 (0x4681) x13 0x00000000
core   0: 0x000000008000001a (0x00004701) c.li    a4, 0
3 0x000000008000001a (0x4701) x14 0x00000000
core   0: 0x000000008000001c (0x00004781) c.li    a5, 0
3 0x000000008000001c (0x4781) x15 0x00000000
core   0: 0x000000008000001e (0x00004801) c.li    a6, 0
3 0x000000008000001e (0x4801) x16 0x00000000
core   0: 0x0000000080000020 (0x00004881) c.li    a7, 0
3 0x0000000080000020 (0x4881) x17 0x00000000
core   0: 0x0000000080000022 (0x00004901) c.li    s2, 0
3 0x0000000080000022 (0x4901) x18 0x00000000
core   0: 0x0000000080000024 (0x00004981) c.li    s3, 0
3 0x0000000080000024 (0x4981) x19 0x00000000
core   0: 0x0000000080000026 (0x00004a01) c.li    s4, 0
3 0x0000000080000026 (0x4a01) x20 0x00000000
core   0: 0x0000000080000028 (0x00004a81) c.li    s5, 0
3 0x0000000080000028 (0x4a81) x21 0x00000000
core   0: 0x000000008000002a (0x00004b01) c.li    s6, 0
3 0x000000008000002a (0x4b01) x22 0x00000000
core   0: 0x000000008000002c (0x00004b81) c.li    s7, 0
3 0x000000008000002c (0x4b81) x23 0x00000000
core   0: 0x000000008000002e (0x00004c01) c.li    s8, 0
3 0x000000008000002e (0x4c01) x24 0x00000000
core   0: 0x0000000080000030 (0x00004c81) c.li    s9, 0
3 0x0000000080000030 (0x4c81) x25 0x00000000
core   0: 0x0000000080000032 (0x00004d01) c.li    s10, 0
3 0x0000000080000032 (0x4d01) x26 0x00000000
core   0: 0x0000000080000034 (0x00004d81) c.li    s11, 0
3 0x0000000080000034 (0x4d81) x27 0x00000000
core   0: 0x0000000080000036 (0x00004e01) c.li    t3, 0
3 0x0000000080000036 (0x4e01) x28 0x00000000
core   0: 0x0000000080000038 (0x00004e81) c.li    t4, 0
3 0x0000000080000038 (0x4e81) x29 0x00000000
core   0: 0x000000008000003a (0x00004f01) c.li    t5, 0
3 0x000000008000003a (0x4f01) x30 0x00000000
core   0: 0x000000008000003c (0x00004f81) c.li    t6, 0
3 0x000000008000003c (0x4f81) x31 0x00000000
core   0: 0x000000008000003e (0x000062f9) c.lui   t0, 0x1e
3 0x000000008000003e (0x62f9) x 5 0x0001e000
core   0: 0x0000000080000040 (0x3002a073) csrrs   zero, mstatus, t0
3 0x0000000080000040 (0x3002a073)
core   0: 0x0000000080000044 (0x00004285) c.li    t0, 1
3 0x0000000080000044 (0x4285) x 5 0x00000001
core   0: 0x0000000080000046 (0x000002fe) c.slli  t0, 31
3 0x0000000080000046 (0x02fe) x 5 0x80000000
core   0: 0x0000000080000048 (0x0002c863) blt     t0, zero, pc + 16
3 0x0000000080000048 (0x0002c863)
core   0: 0x0000000080000058 (0x00000297) auipc   t0, 0x0
3 0x0000000080000058 (0x00000297) x 5 0x80000058
core   0: 0x000000008000005c (0x03828293) addi    t0, t0, 56
3 0x000000008000005c (0x03828293) x 5 0x80000090
core   0: 0x0000000080000060 (0x30529073) csrrw   zero, mtvec, t0
3 0x0000000080000060 (0x30529073)
core   0: 0x0000000080000064 (0x00006197) auipc   gp, 0x6
3 0x0000000080000064 (0x00006197) x 3 0x80006064
core   0: 0x0000000080000068 (0x79c18193) addi    gp, gp, 1948
3 0x0000000080000068 (0x79c18193) x 3 0x80006800
core   0: 0x000000008000006c (0x87f18213) addi    tp, gp, -1921
3 0x000000008000006c (0x87f18213) x 4 0x8000607f
core   0: 0x0000000080000070 (0xfc027213) andi    tp, tp, -64
3 0x0000000080000070 (0xfc027213) x 4 0x80006040
core   0: 0x0000000080000074 (0xf1402573) csrrs   a0, mhartid, zero
3 0x0000000080000074 (0xf1402573) x10 0x00000000
core   0: 0x0000000080000078 (0x00004585) c.li    a1, 1
3 0x0000000080000078 (0x4585) x11 0x00000001
core   0: 0x000000008000007a (0x00b57063) bgeu    a0, a1, pc + 0
3 0x000000008000007a (0x00b57063)
core   0: 0x000000008000007e (0x00150113) addi    sp, a0, 1
3 0x000000008000007e (0x00150113) x 2 0x00000001
core   0: 0x0000000080000082 (0x00000146) c.slli  sp, 17
3 0x0000000080000082 (0x0146) x 2 0x00020000
core   0: 0x0000000080000084 (0x00009112) c.add   sp, tp
3 0x0000000080000084 (0x9112) x 2 0x80026040
core   0: 0x0000000080000086 (0x01151613) slli    a2, a0, 17
3 0x0000000080000086 (0x01151613) x12 0x00000000
core   0: 0x000000008000008a (0x00009232) c.add   tp, a2
3 0x000000008000008a (0x9232) x 4 0x80006040
core   0: 0x000000008000008c (0x64e0306f) j       pc + 0x364e
3 0x000000008000008c (0x64e0306f)
core   0: 0x00000000800036da (0x00007171) c.addi16sp sp, -176
3 0x00000000800036da (0x7171) x 2 0x80025f90
core   0: 0x00000000800036dc (0x0000d706) c.swsp  ra, 172(sp)
3 0x00000000800036dc (0xd706) mem 0x8002603c 0x00000000
core   0: 0x00000000800036de (0x0000d522) c.swsp  s0, 168(sp)
3 0x00000000800036de (0xd522) mem 0x80026038 0x00000000
core   0: 0x00000000800036e0 (0x0000d326) c.swsp  s1, 164(sp)
3 0x00000000800036e0 (0xd326) mem 0x80026034 0x00000000
core   0: 0x00000000800036e2 (0x00001900) c.addi4spn s0, sp, 176
3 0x00000000800036e2 (0x1900) x 8 0x80026040
core   0: 0x00000000800036e4 (0xf4a42e23) sw      a0, -164(s0)
3 0x00000000800036e4 (0xf4a42e23) mem 0x80025f9c 0x00000000
core   0: 0x00000000800036e8 (0xf4b42c23) sw      a1, -168(s0)
3 0x00000000800036e8 (0xf4b42c23) mem 0x80025f98 0x00000001
core   0: 0x00000000800036ec (0xff040793) addi    a5, s0, -16
3 0x00000000800036ec (0xff040793) x15 0x80026030
core   0: 0x00000000800036f0 (0xf4f42a23) sw      a5, -172(s0)
3 0x00000000800036f0 (0xf4f42a23) mem 0x80025f94 0x80026030
core   0: 0x00000000800036f4 (0xf5442783) lw      a5, -172(s0)
3 0x00000000800036f4 (0xf5442783) x15 0x80026030 mem 0x80025f94
core   0: 0x00000000800036f8 (0xf7078793) addi    a5, a5, -144
3 0x00000000800036f8 (0xf7078793) x15 0x80025fa0
core   0: 0x00000000800036fc (0x03f78793) addi    a5, a5, 63
3 0x00000000800036fc (0x03f78793) x15 0x80025fdf
core   0: 0x0000000080003700 (0x00008399) c.srli  a5, 6
3 0x0000000080003700 (0x8399) x15 0x0200097f
core   0: 0x0000000080003702 (0x00679493) slli    s1, a5, 6
3 0x0000000080003702 (0x00679493) x 9 0x80025fc0
core   0: 0x0000000080003706 (0x000037bd) c.jal   pc - 146
3 0x0000000080003706 (0x37bd) x 1 0x80003708
core   0: 0x0000000080003674 (0x00001101) c.addi  sp, -32
3 0x0000000080003674 (0x1101) x 2 0x80025f70
core   0: 0x0000000080003676 (0x0000ce06) c.swsp  ra, 28(sp)
3 0x0000000080003676 (0xce06) mem 0x80025f8c 0x80003708
core   0: 0x0000000080003678 (0x0000cc22) c.swsp  s0, 24(sp)
3 0x0000000080003678 (0xcc22) mem 0x80025f88 0x80026040
core   0: 0x000000008000367a (0x00001000) c.addi4spn s0, sp, 32
3 0x000000008000367a (0x1000) x 8 0x80025f90
core   0: 0x000000008000367c (0x00003717) auipc   a4, 0x3
3 0x000000008000367c (0x00003717) x14 0x8000667c
core   0: 0x0000000080003680 (0x99c70713) addi    a4, a4, -1636
3 0x0000000080003680 (0x99c70713) x14 0x80006018
core   0: 0x0000000080003684 (0x00003797) auipc   a5, 0x3
3 0x0000000080003684 (0x00003797) x15 0x80006684
core   0: 0x0000000080003688 (0x99478793) addi    a5, a5, -1644
3 0x0000000080003688 (0x99478793) x15 0x80006018
core   0: 0x000000008000368c (0x40f707b3) sub     a5, a4, a5
3 0x000000008000368c (0x40f707b3) x15 0x00000000
core   0: 0x0000000080003690 (0xfef42623) sw      a5, -20(s0)
3 0x0000000080003690 (0xfef42623) mem 0x80025f7c 0x00000000
core   0: 0x0000000080003694 (0x00008792) c.mv    a5, tp
3 0x0000000080003694 (0x8792) x15 0x80006040
core   0: 0x0000000080003696 (0xfec42603) lw      a2, -20(s0)
3 0x0000000080003696 (0xfec42603) x12 0x00000000 mem 0x80025f7c
core   0: 0x000000008000369a (0x00003597) auipc   a1, 0x3
3 0x000000008000369a (0x00003597) x11 0x8000669a
core   0: 0x000000008000369e (0x97e58593) addi    a1, a1, -1666
3 0x000000008000369e (0x97e58593) x11 0x80006018
core   0: 0x00000000800036a2 (0x0000853e) c.mv    a0, a5
3 0x00000000800036a2 (0x853e) x10 0x80006040
core   0: 0x00000000800036a4 (0x0ef000ef) jal     pc + 0x8ee
3 0x00000000800036a4 (0x0ef000ef) x 1 0x800036a8
core   0: 0x0000000080003f92 (0x00007179) c.addi16sp sp, -48
3 0x0000000080003f92 (0x7179) x 2 0x80025f40
core   0: 0x0000000080003f94 (0x0000d622) c.swsp  s0, 44(sp)
3 0x0000000080003f94 (0xd622) mem 0x80025f6c 0x80025f90
core   0: 0x0000000080003f96 (0x00001800) c.addi4spn s0, sp, 48
3 0x0000000080003f96 (0x1800) x 8 0x80025f70
core   0: 0x0000000080003f98 (0xfca42e23) sw      a0, -36(s0)
3 0x0000000080003f98 (0xfca42e23) mem 0x80025f4c 0x80006040
core   0: 0x0000000080003f9c (0xfcb42c23) sw      a1, -40(s0)
3 0x0000000080003f9c (0xfcb42c23) mem 0x80025f48 0x80006018
core   0: 0x0000000080003fa0 (0xfcc42a23) sw      a2, -44(s0)
3 0x0000000080003fa0 (0xfcc42a23) mem 0x80025f44 0x00000000
core   0: 0x0000000080003fa4 (0xfdc42703) lw      a4, -36(s0)
3 0x0000000080003fa4 (0xfdc42703) x14 0x80006040 mem 0x80025f4c
core   0: 0x0000000080003fa8 (0xfd842783) lw      a5, -40(s0)
3 0x0000000080003fa8 (0xfd842783) x15 0x80006018 mem 0x80025f48
core   0: 0x0000000080003fac (0x00008f5d) c.or    a4, a5
3 0x0000000080003fac (0x8f5d) x14 0x80006058
core   0: 0x0000000080003fae (0xfd442783) lw      a5, -44(s0)
3 0x0000000080003fae (0xfd442783) x15 0x00000000 mem 0x80025f44
core   0: 0x0000000080003fb2 (0x00008fd9) c.or    a5, a4
3 0x0000000080003fb2 (0x8fd9) x15 0x80006058
core   0: 0x0000000080003fb4 (0x00008b8d) c.andi  a5, 3
3 0x0000000080003fb4 (0x8b8d) x15 0x00000000
core   0: 0x0000000080003fb6 (0x0000e3b1) c.bnez  a5, pc + 68
3 0x0000000080003fb6 (0xe3b1)
core   0: 0x0000000080003fb8 (0xfd842783) lw      a5, -40(s0)
3 0x0000000080003fb8 (0xfd842783) x15 0x80006018 mem 0x80025f48
core   0: 0x0000000080003fbc (0xfef42623) sw      a5, -20(s0)
3 0x0000000080003fbc (0xfef42623) mem 0x80025f5c 0x80006018
core   0: 0x0000000080003fc0 (0xfdc42783) lw      a5, -36(s0)
3 0x0000000080003fc0 (0xfdc42783) x15 0x80006040 mem 0x80025f4c
core   0: 0x0000000080003fc4 (0xfef42423) sw      a5, -24(s0)
3 0x0000000080003fc4 (0xfef42423) mem 0x80025f58 0x80006040
core   0: 0x0000000080003fc8 (0x0000a839) c.j     pc + 30
3 0x0000000080003fc8 (0xa839)
core   0: 0x0000000080003fe6 (0xfdc42703) lw      a4, -36(s0)
3 0x0000000080003fe6 (0xfdc42703) x14 0x80006040 mem 0x80025f4c
core   0: 0x0000000080003fea (0xfd442783) lw      a5, -44(s0)
3 0x0000000080003fea (0xfd442783) x15 0x00000000 mem 0x80025f44
core   0: 0x0000000080003fee (0x000097ba) c.add   a5, a4
3 0x0000000080003fee (0x97ba) x15 0x80006040
core   0: 0x0000000080003ff0 (0xfe842703) lw      a4, -24(s0)
3 0x0000000080003ff0 (0xfe842703) x14 0x80006040 mem 0x80025f58
core   0: 0x0000000080003ff4 (0xfcf76be3) bltu    a4, a5, pc - 42
3 0x0000000080003ff4 (0xfcf76be3)
core   0: 0x0000000080003ff8 (0x0000a099) c.j     pc + 70
3 0x0000000080003ff8 (0xa099)
core   0: 0x000000008000403e (0xfdc42783) lw      a5, -36(s0)
3 0x000000008000403e (0xfdc42783) x15 0x80006040 mem 0x80025f4c
core   0: 0x0000000080004042 (0x0000853e) c.mv    a0, a5
3 0x0000000080004042 (0x853e) x10 0x80006040
core   0: 0x0000000080004044 (0x00005432) c.lwsp  s0, 44(sp)
3 0x0000000080004044 (0x5432) x 8 0x80025f90 mem 0x80025f6c
core   0: 0x0000000080004046 (0x00006145) c.addi16sp sp, 48
3 0x0000000080004046 (0x6145) x 2 0x80025f70
core   0: 0x0000000080004048 (0x00008082) ret
3 0x0000000080004048 (0x8082)
core   0: 0x00000000800036a8 (0x8c418713) addi    a4, gp, -1852
3 0x00000000800036a8 (0x8c418713) x14 0x800060c4
core   0: 0x00000000800036ac (0x00003797) auipc   a5, 0x3
3 0x00000000800036ac (0x00003797) x15 0x800066ac
core   0: 0x00000000800036b0 (0x96c78793) addi    a5, a5, -1684
3 0x00000000800036b0 (0x96c78793) x15 0x80006018
core   0: 0x00000000800036b4 (0x40f707b3) sub     a5, a4, a5
3 0x00000000800036b4 (0x40f707b3) x15 0x000000ac
core   0: 0x00000000800036b8 (0xfef42423) sw      a5, -24(s0)
3 0x00000000800036b8 (0xfef42423) mem 0x80025f78 0x000000ac
core   0: 0x00000000800036bc (0x00008712) c.mv    a4, tp
3 0x00000000800036bc (0x8712) x14 0x80006040
core   0: 0x00000000800036be (0xfec42783) lw      a5, -20(s0)
3 0x00000000800036be (0xfec42783) x15 0x00000000 mem 0x80025f7c
core   0: 0x00000000800036c2 (0x000097ba) c.add   a5, a4
3 0x00000000800036c2 (0x97ba) x15 0x80006040
core   0: 0x00000000800036c4 (0xfe842603) lw      a2, -24(s0)
3 0x00000000800036c4 (0xfe842603) x12 0x000000ac mem 0x80025f78
core   0: 0x00000000800036c8 (0x00004581) c.li    a1, 0
3 0x00000000800036c8 (0x4581) x11 0x00000000
core   0: 0x00000000800036ca (0x0000853e) c.mv    a0, a5
3 0x00000000800036ca (0x853e) x10 0x80006040
core   0: 0x00000000800036cc (0x17f000ef) jal     pc + 0x97e
3 0x00000000800036cc (0x17f000ef) x 1 0x800036d0
core   0: 0x000000008000404a (0x00007179) c.addi16sp sp, -48
3 0x000000008000404a (0x7179) x 2 0x80025f40
core   0: 0x000000008000404c (0x0000d622) c.swsp  s0, 44(sp)
3 0x000000008000404c (0xd622) mem 0x80025f6c 0x80025f90
core   0: 0x000000008000404e (0x00001800) c.addi4spn s0, sp, 48
3 0x000000008000404e (0x1800) x 8 0x80025f70
core   0: 0x0000000080004050 (0xfca42e23) sw      a0, -36(s0)
3 0x0000000080004050 (0xfca42e23) mem 0x80025f4c 0x80006040
core   0: 0x0000000080004054 (0xfcb42c23) sw      a1, -40(s0)
3 0x0000000080004054 (0xfcb42c23) mem 0x80025f48 0x00000000
core   0: 0x0000000080004058 (0xfcc42a23) sw      a2, -44(s0)
3 0x0000000080004058 (0xfcc42a23) mem 0x80025f44 0x000000ac
core   0: 0x000000008000405c (0xfdc42703) lw      a4, -36(s0)
3 0x000000008000405c (0xfdc42703) x14 0x80006040 mem 0x80025f4c
core   0: 0x0000000080004060 (0xfd442783) lw      a5, -44(s0)
3 0x0000000080004060 (0xfd442783) x15 0x000000ac mem 0x80025f44
core   0: 0x0000000080004064 (0x00008fd9) c.or    a5, a4
3 0x0000000080004064 (0x8fd9) x15 0x800060ec
core   0: 0x0000000080004066 (0x00008b8d) c.andi  a5, 3
3 0x0000000080004066 (0x8b8d) x15 0x00000000
core   0: 0x0000000080004068 (0x0000efb9) c.bnez  a5, pc + 94
3 0x0000000080004068 (0xefb9)
core   0: 0x000000008000406a (0xfd842783) lw      a5, -40(s0)
3 0x000000008000406a (0xfd842783) x15 0x00000000 mem 0x80025f48
core   0: 0x000000008000406e (0x0ff7f793) andi    a5, a5, 255
3 0x000000008000406e (0x0ff7f793) x15 0x00000000
core   0: 0x0000000080004072 (0xfef42223) sw      a5, -28(s0)
3 0x0000000080004072 (0xfef42223) mem 0x80025f54 0x00000000
core   0: 0x0000000080004076 (0xfe442783) lw      a5, -28(s0)
3 0x0000000080004076 (0xfe442783) x15 0x00000000 mem 0x80025f54
core   0: 0x000000008000407a (0x000007a2) c.slli  a5, 8
3 0x000000008000407a (0x07a2) x15 0x00000000
core   0: 0x000000008000407c (0xfe442703) lw      a4, -28(s0)
3 0x000000008000407c (0xfe442703) x14 0x00000000 mem 0x80025f54
core   0: 0x0000000080004080 (0x00008fd9) c.or    a5, a4
3 0x0000000080004080 (0x8fd9) x15 0x00000000
core   0: 0x0000000080004082 (0xfef42223) sw      a5, -28(s0)
3 0x0000000080004082 (0xfef42223) mem 0x80025f54 0x00000000
core   0: 0x0000000080004086 (0xfe442783) lw      a5, -28(s0)
3 0x0000000080004086 (0xfe442783) x15 0x00000000 mem 0x80025f54
core   0: 0x000000008000408a (0x000007c2) c.slli  a5, 16
3 0x000000008000408a (0x07c2) x15 0x00000000
core   0: 0x000000008000408c (0xfe442703) lw      a4, -28(s0)
3 0x000000008000408c (0xfe442703) x14 0x00000000 mem 0x80025f54
core   0: 0x0000000080004090 (0x00008fd9) c.or    a5, a4
3 0x0000000080004090 (0x8fd9) x15 0x00000000
core   0: 0x0000000080004092 (0xfef42223) sw      a5, -28(s0)
3 0x0000000080004092 (0xfef42223) mem 0x80025f54 0x00000000
core   0: 0x0000000080004096 (0xfdc42783) lw      a5, -36(s0)
3 0x0000000080004096 (0xfdc42783) x15 0x80006040 mem 0x80025f4c
core   0: 0x000000008000409a (0xfef42623) sw      a5, -20(s0)
3 0x000000008000409a (0xfef42623) mem 0x80025f5c 0x80006040
core   0: 0x000000008000409e (0x0000a811) c.j     pc + 20
3 0x000000008000409e (0xa811)
core   0: 0x00000000800040b2 (0xfdc42703) lw      a4, -36(s0)
3 0x00000000800040b2 (0xfdc42703) x14 0x80006040 mem 0x80025f4c
core   0: 0x00000000800040b6 (0xfd442783) lw      a5, -44(s0)
3 0x00000000800040b6 (0xfd442783) x15 0x000000ac mem 0x80025f44
core   0: 0x00000000800040ba (0x000097ba) c.add   a5, a4
3 0x00000000800040ba (0x97ba) x15 0x800060ec
core   0: 0x00000000800040bc (0xfec42703) lw      a4, -20(s0)
3 0x00000000800040bc (0xfec42703) x14 0x80006040 mem 0x80025f5c
core   0: 0x00000000800040c0 (0xfef760e3) bltu    a4, a5, pc - 32
3 0x00000000800040c0 (0xfef760e3)
core   0: 0x00000000800040a0 (0xfec42783) lw      a5, -20(s0)
3 0x00000000800040a0 (0xfec42783) x15 0x80006040 mem 0x80025f5c
core   0: 0x00000000800040a4 (0x00478713) addi    a4, a5, 4
3 0x00000000800040a4 (0x00478713) x14 0x80006044
core   0: 0x00000000800040a8 (0xfee42623) sw      a4, -20(s0)
3 0x00000000800040a8 (0xfee42623) mem 0x80025f5c 0x80006044
core   0: 0x00000000800040ac (0xfe442703) lw      a4, -28(s0)
3 0x00000000800040ac (0xfe442703) x14 0x00000000 mem 0x80025f54
core   0: 0x00000000800040b0 (0x0000c398) c.sw    a4, 0(a5)
3 0x00000000800040b0 (0xc398) mem 0x80006040 0x00000000
core   0: 0x00000000800040b2 (0xfdc42703) lw      a4, -36(s0)
3 0x00000000800040b2 (0xfdc42703) x14 0x80006040 mem 0x80025f4c
core   0: 0x00000000800040b6 (0xfd442783) lw      a5, -44(s0)
3 0x00000000800040b6 (0xfd442783) x15 0x000000ac mem 0x80025f44
core   0: 0x00000000800040ba (0x000097ba) c.add   a5, a4
3 0x00000000800040ba (0x97ba) x15 0x800060ec
core   0: 0x00000000800040bc (0xfec42703) lw      a4, -20(s0)
3 0x00000000800040bc (0xfec42703) x14 0x80006044 mem 0x80025f5c
core   0: 0x00000000800040c0 (0xfef760e3) bltu    a4, a5, pc - 32
3 0x00000000800040c0 (0xfef760e3)
core   0: 0x00000000800040a0 (0xfec42783) lw      a5, -20(s0)
3 0x00000000800040a0 (0xfec42783) x15 0x80006044 mem 0x80025f5c
core   0: 0x00000000800040a4 (0x00478713) addi    a4, a5, 4
3 0x00000000800040a4 (0x00478713) x14 0x80006048
core   0: 0x00000000800040a8 (0xfee42623) sw      a4, -20(s0)
3 0x00000000800040a8 (0xfee42623) mem 0x80025f5c 0x80006048
core   0: 0x00000000800040ac (0xfe442703) lw      a4, -28(s0)
3 0x00000000800040ac (0xfe442703) x14 0x00000000 mem 0x80025f54
core   0: 0x00000000800040b0 (0x0000c398) c.sw    a4, 0(a5)
3 0x00000000800040b0 (0xc398) mem 0x80006044 0x00000000
core   0: 0x00000000800040b2 (0xfdc42703) lw      a4, -36(s0)
3 0x00000000800040b2 (0xfdc42703) x14 0x80006040 mem 0x80025f4c
core   0: 0x00000000800040b6 (0xfd442783) lw      a5, -44(s0)
3 0x00000000800040b6 (0xfd442783) x15 0x000000ac mem 0x80025f44
core   0: 0x00000000800040ba (0x000097ba) c.add   a5, a4
3 0x00000000800040ba (0x97ba) x15 0x800060ec
core   0: 0x00000000800040bc (0xfec42703) lw      a4, -20(s0)
3 0x00000000800040bc (0xfec42703) x14 0x80006048 mem 0x80025f5c
core   0: 0x00000000800040c0 (0xfef760e3) bltu    a4, a5, pc - 32
3 0x00000000800040c0 (0xfef760e3)
core   0: 0x00000000800040a0 (0xfec42783) lw      a5, -20(s0)
3 0x00000000800040a0 (0xfec42783) x15 0x80006048 mem 0x80025f5c
core   0: 0x00000000800040a4 (0x00478713) addi    a4, a5, 4
3 0x00000000800040a4 (0x00478713) x14 0x8000604c
core   0: 0x00000000800040a8 (0xfee42623) sw      a4, -20(s0)
3 0x00000000800040a8 (0xfee42623) mem 0x80025f5c 0x8000604c
core   0: 0x00000000800040ac (0xfe442703) lw      a4, -28(s0)
3 0x00000000800040ac (0xfe442703) x14 0x00000000 mem 0x80025f54
core   0: 0x00000000800040b0 (0x0000c398) c.sw    a4, 0(a5)
3 0x00000000800040b0 (0xc398) mem 0x80006048 0x00000000
core   0: 0x00000000800040b2 (0xfdc42703) lw      a4, -36(s0)
3 0x00000000800040b2 (0xfdc42703) x14 0x80006040 mem 0x80025f4c
core   0: 0x00000000800040b6 (0xfd442783) lw      a5, -44(s0)
3 0x00000000800040b6 (0xfd442783) x15 0x000000ac mem 0x80025f44
core   0: 0x00000000800040ba (0x000097ba) c.add   a5, a4
3 0x00000000800040ba (0x97ba) x15 0x800060ec
core   0: 0x00000000800040bc (0xfec42703) lw      a4, -20(s0)
3 0x00000000800040bc (0xfec42703) x14 0x8000604c mem 0x80025f5c
core   0: 0x00000000800040c0 (0xfef760e3) bltu    a4, a5, pc - 32
3 0x00000000800040c0 (0xfef760e3)
core   0: 0x00000000800040a0 (0xfec42783) lw      a5, -20(s0)
3 0x00000000800040a0 (0xfec42783) x15 0x8000604c mem 0x80025f5c
core   0: 0x00000000800040a4 (0x00478713) addi    a4, a5, 4
3 0x00000000800040a4 (0x00478713) x14 0x80006050
core   0: 0x00000000800040a8 (0xfee42623) sw      a4, -20(s0)
3 0x00000000800040a8 (0xfee42623) mem 0x80025f5c 0x80006050
core   0: 0x00000000800040ac (0xfe442703) lw      a4, -28(s0)
3 0x00000000800040ac (0xfe442703) x14 0x00000000 mem 0x80025f54
core   0: 0x00000000800040b0 (0x0000c398) c.sw    a4, 0(a5)
3 0x00000000800040b0 (0xc398) mem 0x8000604c 0x00000000
core   0: 0x00000000800040b2 (0xfdc42703) lw      a4, -36(s0)
3 0x00000000800040b2 (0xfdc42703) x14 0x80006040 mem 0x80025f4c
core   0: 0x00000000800040b6 (0xfd442783) lw      a5, -44(s0)
3 0x00000000800040b6 (0xfd442783) x15 0x000000ac mem 0x80025f44
core   0: 0x00000000800040ba (0x000097ba) c.add   a5, a4
3 0x00000000800040ba (0x97ba) x15 0x800060ec
core   0: 0x00000000800040bc (0xfec42703) lw      a4, -20(s0)
3 0x00000000800040bc (0xfec42703) x14 0x80006050 mem 0x80025f5c
core   0: 0x00000000800040c0 (0xfef760e3) bltu    a4, a5, pc - 32
3 0x00000000800040c0 (0xfef760e3)
core   0: 0x00000000800040a0 (0xfec42783) lw      a5, -20(s0)
3 0x00000000800040a0 (0xfec42783) x15 0x80006050 mem 0x80025f5c
core   0: 0x00000000800040a4 (0x00478713) addi    a4, a5, 4
3 0x00000000800040a4 (0x00478713) x14 0x80006054
core   0: 0x00000000800040a8 (0xfee42623) sw      a4, -20(s0)
3 0x00000000800040a8 (0xfee42623) mem 0x80025f5c 0x80006054
core   0: 0x00000000800040ac (0xfe442703) lw      a4, -28(s0)
3 0x00000000800040ac (0xfe442703) x14 0x00000000 mem 0x80025f54
core   0: 0x00000000800040b0 (0x0000c398) c.sw    a4, 0(a5)
3 0x00000000800040b0 (0xc398) mem 0x80006050 0x00000000
core   0: 0x00000000800040b2 (0xfdc42703) lw      a4, -36(s0)
3 0x00000000800040b2 (0xfdc42703) x14 0x80006040 mem 0x80025f4c
core   0: 0x00000000800040b6 (0xfd442783) lw      a5, -44(s0)
3 0x00000000800040b6 (0xfd442783) x15 0x000000ac mem 0x80025f44
core   0: 0x00000000800040ba (0x000097ba) c.add   a5, a4
3 0x00000000800040ba (0x97ba) x15 0x800060ec
core   0: 0x00000000800040bc (0xfec42703) lw      a4, -20(s0)
3 0x00000000800040bc (0xfec42703) x14 0x80006054 mem 0x80025f5c
core   0: 0x00000000800040c0 (0xfef760e3) bltu    a4, a5, pc - 32
3 0x00000000800040c0 (0xfef760e3)
core   0: 0x00000000800040a0 (0xfec42783) lw      a5, -20(s0)
3 0x00000000800040a0 (0xfec42783) x15 0x80006054 mem 0x80025f5c
core   0: 0x00000000800040a4 (0x00478713) addi    a4, a5, 4
3 0x00000000800040a4 (0x00478713) x14 0x80006058
core   0: 0x00000000800040a8 (0xfee42623) sw      a4, -20(s0)
3 0x00000000800040a8 (0xfee42623) mem 0x80025f5c 0x80006058
core   0: 0x00000000800040ac (0xfe442703) lw      a4, -28(s0)
3 0x00000000800040ac (0xfe442703) x14 0x00000000 mem 0x80025f54
core   0: 0x00000000800040b0 (0x0000c398) c.sw    a4, 0(a5)
3 0x00000000800040b0 (0xc398) mem 0x80006054 0x00000000
core   0: 0x00000000800040b2 (0xfdc42703) lw      a4, -36(s0)
3 0x00000000800040b2 (0xfdc42703) x14 0x80006040 mem 0x80025f4c
core   0: 0x00000000800040b6 (0xfd442783) lw      a5, -44(s0)
3 0x00000000800040b6 (0xfd442783) x15 0x000000ac mem 0x80025f44
core   0: 0x00000000800040ba (0x000097ba) c.add   a5, a4
3 0x00000000800040ba (0x97ba) x15 0x800060ec
core   0: 0x00000000800040bc (0xfec42703) lw      a4, -20(s0)
3 0x00000000800040bc (0xfec42703) x14 0x80006058 mem 0x80025f5c
core   0: 0x00000000800040c0 (0xfef760e3) bltu    a4, a5, pc - 32
3 0x00000000800040c0 (0xfef760e3)
core   0: 0x00000000800040a0 (0xfec42783) lw      a5, -20(s0)
3 0x00000000800040a0 (0xfec42783) x15 0x80006058 mem 0x80025f5c
core   0: 0x00000000800040a4 (0x00478713) addi    a4, a5, 4
3 0x00000000800040a4 (0x00478713) x14 0x8000605c
core   0: 0x00000000800040a8 (0xfee42623) sw      a4, -20(s0)
3 0x00000000800040a8 (0xfee42623) mem 0x80025f5c 0x8000605c
core   0: 0x00000000800040ac (0xfe442703) lw      a4, -28(s0)
3 0x00000000800040ac (0xfe442703) x14 0x00000000 mem 0x80025f54
core   0: 0x00000000800040b0 (0x0000c398) c.sw    a4, 0(a5)
3 0x00000000800040b0 (0xc398) mem 0x80006058 0x00000000
core   0: 0x00000000800040b2 (0xfdc42703) lw      a4, -36(s0)
3 0x00000000800040b2 (0xfdc42703) x14 0x80006040 mem 0x80025f4c
core   0: 0x00000000800040b6 (0xfd442783) lw      a5, -44(s0)
3 0x00000000800040b6 (0xfd442783) x15 0x000000ac mem 0x80025f44
core   0: 0x00000000800040ba (0x000097ba) c.add   a5, a4
3 0x00000000800040ba (0x97ba) x15 0x800060ec
core   0: 0x00000000800040bc (0xfec42703) lw      a4, -20(s0)
3 0x00000000800040bc (0xfec42703) x14 0x8000605c mem 0x80025f5c
core   0: 0x00000000800040c0 (0xfef760e3) bltu    a4, a5, pc - 32
3 0x00000000800040c0 (0xfef760e3)
core   0: 0x00000000800040a0 (0xfec42783) lw      a5, -20(s0)
3 0x00000000800040a0 (0xfec42783) x15 0x8000605c mem 0x80025f5c
core   0: 0x00000000800040a4 (0x00478713) addi    a4, a5, 4
3 0x00000000800040a4 (0x00478713) x14 0x80006060
core   0: 0x00000000800040a8 (0xfee42623) sw      a4, -20(s0)
3 0x00000000800040a8 (0xfee42623) mem 0x80025f5c 0x80006060
core   0: 0x00000000800040ac (0xfe442703) lw      a4, -28(s0)
3 0x00000000800040ac (0xfe442703) x14 0x00000000 mem 0x80025f54
core   0: 0x00000000800040b0 (0x0000c398) c.sw    a4, 0(a5)
3 0x00000000800040b0 (0xc398) mem 0x8000605c 0x00000000
core   0: 0x00000000800040b2 (0xfdc42703) lw      a4, -36(s0)
3 0x00000000800040b2 (0xfdc42703) x14 0x80006040 mem 0x80025f4c
core   0: 0x00000000800040b6 (0xfd442783) lw      a5, -44(s0)
3 0x00000000800040b6 (0xfd442783) x15 0x000000ac mem 0x80025f44
core   0: 0x00000000800040ba (0x000097ba) c.add   a5, a4
3 0x00000000800040ba (0x97ba) x15 0x800060ec
core   0: 0x00000000800040bc (0xfec42703) lw      a4, -20(s0)
3 0x00000000800040bc (0xfec42703) x14 0x80006060 mem 0x80025f5c
core   0: 0x00000000800040c0 (0xfef760e3) bltu    a4, a5, pc - 32
3 0x00000000800040c0 (0xfef760e3)
core   0: 0x00000000800040a0 (0xfec42783) lw      a5, -20(s0)
3 0x00000000800040a0 (0xfec42783) x15 0x80006060 mem 0x80025f5c
core   0: 0x00000000800040a4 (0x00478713) addi    a4, a5, 4
3 0x00000000800040a4 (0x00478713) x14 0x80006064
core   0: 0x00000000800040a8 (0xfee42623) sw      a4, -20(s0)
3 0x00000000800040a8 (0xfee42623) mem 0x80025f5c 0x80006064
core   0: 0x00000000800040ac (0xfe442703) lw      a4, -28(s0)
3 0x00000000800040ac (0xfe442703) x14 0x00000000 mem 0x80025f54
core   0: 0x00000000800040b0 (0x0000c398) c.sw    a4, 0(a5)
3 0x00000000800040b0 (0xc398) mem 0x80006060 0x00000000
core   0: 0x00000000800040b2 (0xfdc42703) lw      a4, -36(s0)
3 0x00000000800040b2 (0xfdc42703) x14 0x80006040 mem 0x80025f4c
core   0: 0x00000000800040b6 (0xfd442783) lw      a5, -44(s0)
3 0x00000000800040b6 (0xfd442783) x15 0x000000ac mem 0x80025f44
core   0: 0x00000000800040ba (0x000097ba) c.add   a5, a4
3 0x00000000800040ba (0x97ba) x15 0x800060ec
core   0: 0x00000000800040bc (0xfec42703) lw      a4, -20(s0)
3 0x00000000800040bc (0xfec42703) x14 0x80006064 mem 0x80025f5c
core   0: 0x00000000800040c0 (0xfef760e3) bltu    a4, a5, pc - 32
3 0x00000000800040c0 (0xfef760e3)
core   0: 0x00000000800040a0 (0xfec42783) lw      a5, -20(s0)
3 0x00000000800040a0 (0xfec42783) x15 0x80006064 mem 0x80025f5c
core   0: 0x00000000800040a4 (0x00478713) addi    a4, a5, 4
3 0x00000000800040a4 (0x00478713) x14 0x80006068
core   0: 0x00000000800040a8 (0xfee42623) sw      a4, -20(s0)
3 0x00000000800040a8 (0xfee42623) mem 0x80025f5c 0x80006068
core   0: 0x00000000800040ac (0xfe442703) lw      a4, -28(s0)
3 0x00000000800040ac (0xfe442703) x14 0x00000000 mem 0x80025f54
core   0: 0x00000000800040b0 (0x0000c398) c.sw    a4, 0(a5)
3 0x00000000800040b0 (0xc398) mem 0x80006064 0x00000000
core   0: 0x00000000800040b2 (0xfdc42703) lw      a4, -36(s0)
3 0x00000000800040b2 (0xfdc42703) x14 0x80006040 mem 0x80025f4c
core   0: 0x00000000800040b6 (0xfd442783) lw      a5, -44(s0)
3 0x00000000800040b6 (0xfd442783) x15 0x000000ac mem 0x80025f44
core   0: 0x00000000800040ba (0x000097ba) c.add   a5, a4
3 0x00000000800040ba (0x97ba) x15 0x800060ec
core   0: 0x00000000800040bc (0xfec42703) lw      a4, -20(s0)
3 0x00000000800040bc (0xfec42703) x14 0x80006068 mem 0x80025f5c
core   0: 0x00000000800040c0 (0xfef760e3) bltu    a4, a5, pc - 32
3 0x00000000800040c0 (0xfef760e3)
core   0: 0x00000000800040a0 (0xfec42783) lw      a5, -20(s0)
3 0x00000000800040a0 (0xfec42783) x15 0x80006068 mem 0x80025f5c
core   0: 0x00000000800040a4 (0x00478713) addi    a4, a5, 4
3 0x00000000800040a4 (0x00478713) x14 0x8000606c
core   0: 0x00000000800040a8 (0xfee42623) sw      a4, -20(s0)
3 0x00000000800040a8 (0xfee42623) mem 0x80025f5c 0x8000606c
core   0: 0x00000000800040ac (0xfe442703) lw      a4, -28(s0)
3 0x00000000800040ac (0xfe442703) x14 0x00000000 mem 0x80025f54
core   0: 0x00000000800040b0 (0x0000c398) c.sw    a4, 0(a5)
3 0x00000000800040b0 (0xc398) mem 0x80006068 0x00000000
core   0: 0x00000000800040b2 (0xfdc42703) lw      a4, -36(s0)
3 0x00000000800040b2 (0xfdc42703) x14 0x80006040 mem 0x80025f4c
core   0: 0x00000000800040b6 (0xfd442783) lw      a5, -44(s0)
3 0x00000000800040b6 (0xfd442783) x15 0x000000ac mem 0x80025f44
core   0: 0x00000000800040ba (0x000097ba) c.add   a5, a4
3 0x00000000800040ba (0x97ba) x15 0x800060ec
core   0: 0x00000000800040bc (0xfec42703) lw      a4, -20(s0)
3 0x00000000800040bc (0xfec42703) x14 0x8000606c mem 0x80025f5c
core   0: 0x00000000800040c0 (0xfef760e3) bltu    a4, a5, pc - 32
3 0x00000000800040c0 (0xfef760e3)
core   0: 0x00000000800040a0 (0xfec42783) lw      a5, -20(s0)
3 0x00000000800040a0 (0xfec42783) x15 0x8000606c mem 0x80025f5c
core   0: 0x00000000800040a4 (0x00478713) addi    a4, a5, 4
3 0x00000000800040a4 (0x00478713) x14 0x80006070
core   0: 0x00000000800040a8 (0xfee42623) sw      a4, -20(s0)
3 0x00000000800040a8 (0xfee42623) mem 0x80025f5c 0x80006070
core   0: 0x00000000800040ac (0xfe442703) lw      a4, -28(s0)
3 0x00000000800040ac (0xfe442703) x14 0x00000000 mem 0x80025f54
core   0: 0x00000000800040b0 (0x0000c398) c.sw    a4, 0(a5)
3 0x00000000800040b0 (0xc398) mem 0x8000606c 0x00000000
core   0: 0x00000000800040b2 (0xfdc42703) lw      a4, -36(s0)
3 0x00000000800040b2 (0xfdc42703) x14 0x80006040 mem 0x80025f4c
core   0: 0x00000000800040b6 (0xfd442783) lw      a5, -44(s0)
3 0x00000000800040b6 (0xfd442783) x15 0x000000ac mem 0x80025f44
core   0: 0x00000000800040ba (0x000097ba) c.add   a5, a4
3 0x00000000800040ba (0x97ba) x15 0x800060ec
core   0: 0x00000000800040bc (0xfec42703) lw      a4, -20(s0)
3 0x00000000800040bc (0xfec42703) x14 0x80006070 mem 0x80025f5c
core   0: 0x00000000800040c0 (0xfef760e3) bltu    a4, a5, pc - 32
3 0x00000000800040c0 (0xfef760e3)
core   0: 0x00000000800040a0 (0xfec42783) lw      a5, -20(s0)
3 0x00000000800040a0 (0xfec42783) x15 0x80006070 mem 0x80025f5c
core   0: 0x00000000800040a4 (0x00478713) addi    a4, a5, 4
3 0x00000000800040a4 (0x00478713) x14 0x80006074
core   0: 0x00000000800040a8 (0xfee42623) sw      a4, -20(s0)
3 0x00000000800040a8 (0xfee42623) mem 0x80025f5c 0x80006074
core   0: 0x00000000800040ac (0xfe442703) lw      a4, -28(s0)
3 0x00000000800040ac (0xfe442703) x14 0x00000000 mem 0x80025f54
core   0: 0x00000000800040b0 (0x0000c398) c.sw    a4, 0(a5)
3 0x00000000800040b0 (0xc398) mem 0x80006070 0x00000000
core   0: 0x00000000800040b2 (0xfdc42703) lw      a4, -36(s0)
3 0x00000000800040b2 (0xfdc42703) x14 0x80006040 mem 0x80025f4c
core   0: 0x00000000800040b6 (0xfd442783) lw      a5, -44(s0)
3 0x00000000800040b6 (0xfd442783) x15 0x000000ac mem 0x80025f44
core   0: 0x00000000800040ba (0x000097ba) c.add   a5, a4
3 0x00000000800040ba (0x97ba) x15 0x800060ec
core   0: 0x00000000800040bc (0xfec42703) lw      a4, -20(s0)
3 0x00000000800040bc (0xfec42703) x14 0x80006074 mem 0x80025f5c
core   0: 0x00000000800040c0 (0xfef760e3) bltu    a4, a5, pc - 32
3 0x00000000800040c0 (0xfef760e3)
core   0: 0x00000000800040a0 (0xfec42783) lw      a5, -20(s0)
3 0x00000000800040a0 (0xfec42783) x15 0x80006074 mem 0x80025f5c
core   0: 0x00000000800040a4 (0x00478713) addi    a4, a5, 4
3 0x00000000800040a4 (0x00478713) x14 0x80006078
core   0: 0x00000000800040a8 (0xfee42623) sw      a4, -20(s0)
3 0x00000000800040a8 (0xfee42623) mem 0x80025f5c 0x80006078
core   0: 0x00000000800040ac (0xfe442703) lw      a4, -28(s0)
3 0x00000000800040ac (0xfe442703) x14 0x00000000 mem 0x80025f54
core   0: 0x00000000800040b0 (0x0000c398) c.sw    a4, 0(a5)
3 0x00000000800040b0 (0xc398) mem 0x80006074 0x00000000
core   0: 0x00000000800040b2 (0xfdc42703) lw      a4, -36(s0)
3 0x00000000800040b2 (0xfdc42703) x14 0x80006040 mem 0x80025f4c
core   0: 0x00000000800040b6 (0xfd442783) lw      a5, -44(s0)
3 0x00000000800040b6 (0xfd442783) x15 0x000000ac mem 0x80025f44
core   0: 0x00000000800040ba (0x000097ba) c.add   a5, a4
3 0x00000000800040ba (0x97ba) x15 0x800060ec
core   0: 0x00000000800040bc (0xfec42703) lw      a4, -20(s0)
3 0x00000000800040bc (0xfec42703) x14 0x80006078 mem 0x80025f5c
core   0: 0x00000000800040c0 (0xfef760e3) bltu    a4, a5, pc - 32
3 0x00000000800040c0 (0xfef760e3)
core   0: 0x00000000800040a0 (0xfec42783) lw      a5, -20(s0)
3 0x00000000800040a0 (0xfec42783) x15 0x80006078 mem 0x80025f5c
core   0: 0x00000000800040a4 (0x00478713) addi    a4, a5, 4
3 0x00000000800040a4 (0x00478713) x14 0x8000607c
core   0: 0x00000000800040a8 (0xfee42623) sw      a4, -20(s0)
3 0x00000000800040a8 (0xfee42623) mem 0x80025f5c 0x8000607c
core   0: 0x00000000800040ac (0xfe442703) lw      a4, -28(s0)
3 0x00000000800040ac (0xfe442703) x14 0x00000000 mem 0x80025f54
core   0: 0x00000000800040b0 (0x0000c398) c.sw    a4, 0(a5)
3 0x00000000800040b0 (0xc398) mem 0x80006078 0x00000000
core   0: 0x00000000800040b2 (0xfdc42703) lw      a4, -36(s0)
3 0x00000000800040b2 (0xfdc42703) x14 0x80006040 mem 0x80025f4c
core   0: 0x00000000800040b6 (0xfd442783) lw      a5, -44(s0)
3 0x00000000800040b6 (0xfd442783) x15 0x000000ac mem 0x80025f44
core   0: 0x00000000800040ba (0x000097ba) c.add   a5, a4
3 0x00000000800040ba (0x97ba) x15 0x800060ec
core   0: 0x00000000800040bc (0xfec42703) lw      a4, -20(s0)
3 0x00000000800040bc (0xfec42703) x14 0x8000607c mem 0x80025f5c
core   0: 0x00000000800040c0 (0xfef760e3) bltu    a4, a5, pc - 32
3 0x00000000800040c0 (0xfef760e3)
core   0: 0x00000000800040a0 (0xfec42783) lw      a5, -20(s0)
3 0x00000000800040a0 (0xfec42783) x15 0x8000607c mem 0x80025f5c
core   0: 0x00000000800040a4 (0x00478713) addi    a4, a5, 4
3 0x00000000800040a4 (0x00478713) x14 0x80006080
core   0: 0x00000000800040a8 (0xfee42623) sw      a4, -20(s0)
3 0x00000000800040a8 (0xfee42623) mem 0x80025f5c 0x80006080
core   0: 0x00000000800040ac (0xfe442703) lw      a4, -28(s0)
3 0x00000000800040ac (0xfe442703) x14 0x00000000 mem 0x80025f54
core   0: 0x00000000800040b0 (0x0000c398) c.sw    a4, 0(a5)
3 0x00000000800040b0 (0xc398) mem 0x8000607c 0x00000000
core   0: 0x00000000800040b2 (0xfdc42703) lw      a4, -36(s0)
3 0x00000000800040b2 (0xfdc42703) x14 0x80006040 mem 0x80025f4c
core   0: 0x00000000800040b6 (0xfd442783) lw      a5, -44(s0)
3 0x00000000800040b6 (0xfd442783) x15 0x000000ac mem 0x80025f44
core   0: 0x00000000800040ba (0x000097ba) c.add   a5, a4
3 0x00000000800040ba (0x97ba) x15 0x800060ec
core   0: 0x00000000800040bc (0xfec42703) lw      a4, -20(s0)
3 0x00000000800040bc (0xfec42703) x14 0x80006080 mem 0x80025f5c
core   0: 0x00000000800040c0 (0xfef760e3) bltu    a4, a5, pc - 32
3 0x00000000800040c0 (0xfef760e3)
core   0: 0x00000000800040a0 (0xfec42783) lw      a5, -20(s0)
3 0x00000000800040a0 (0xfec42783) x15 0x80006080 mem 0x80025f5c
core   0: 0x00000000800040a4 (0x00478713) addi    a4, a5, 4
3 0x00000000800040a4 (0x00478713) x14 0x80006084
core   0: 0x00000000800040a8 (0xfee42623) sw      a4, -20(s0)
3 0x00000000800040a8 (0xfee42623) mem 0x80025f5c 0x80006084
core   0: 0x00000000800040ac (0xfe442703) lw      a4, -28(s0)
3 0x00000000800040ac (0xfe442703) x14 0x00000000 mem 0x80025f54
core   0: 0x00000000800040b0 (0x0000c398) c.sw    a4, 0(a5)
3 0x00000000800040b0 (0xc398) mem 0x80006080 0x00000000
core   0: 0x00000000800040b2 (0xfdc42703) lw      a4, -36(s0)
3 0x00000000800040b2 (0xfdc42703) x14 0x80006040 mem 0x80025f4c
core   0: 0x00000000800040b6 (0xfd442783) lw      a5, -44(s0)
3 0x00000000800040b6 (0xfd442783) x15 0x000000ac mem 0x80025f44
core   0: 0x00000000800040ba (0x000097ba) c.add   a5, a4
3 0x00000000800040ba (0x97ba) x15 0x800060ec
core   0: 0x00000000800040bc (0xfec42703) lw      a4, -20(s0)
3 0x00000000800040bc (0xfec42703) x14 0x80006084 mem 0x80025f5c
core   0: 0x00000000800040c0 (0xfef760e3) bltu    a4, a5, pc - 32
3 0x00000000800040c0 (0xfef760e3)
core   0: 0x00000000800040a0 (0xfec42783) lw      a5, -20(s0)
3 0x00000000800040a0 (0xfec42783) x15 0x80006084 mem 0x80025f5c
core   0: 0x00000000800040a4 (0x00478713) addi    a4, a5, 4
3 0x00000000800040a4 (0x00478713) x14 0x80006088
core   0: 0x00000000800040a8 (0xfee42623) sw      a4, -20(s0)
3 0x00000000800040a8 (0xfee42623) mem 0x80025f5c 0x80006088
core   0: 0x00000000800040ac (0xfe442703) lw      a4, -28(s0)
3 0x00000000800040ac (0xfe442703) x14 0x00000000 mem 0x80025f54
core   0: 0x00000000800040b0 (0x0000c398) c.sw    a4, 0(a5)
3 0x00000000800040b0 (0xc398) mem 0x80006084 0x00000000
core   0: 0x00000000800040b2 (0xfdc42703) lw      a4, -36(s0)
3 0x00000000800040b2 (0xfdc42703) x14 0x80006040 mem 0x80025f4c
core   0: 0x00000000800040b6 (0xfd442783) lw      a5, -44(s0)
3 0x00000000800040b6 (0xfd442783) x15 0x000000ac mem 0x80025f44
core   0: 0x00000000800040ba (0x000097ba) c.add   a5, a4
3 0x00000000800040ba (0x97ba) x15 0x800060ec
core   0: 0x00000000800040bc (0xfec42703) lw      a4, -20(s0)
3 0x00000000800040bc (0xfec42703) x14 0x80006088 mem 0x80025f5c
core   0: 0x00000000800040c0 (0xfef760e3) bltu    a4, a5, pc - 32
3 0x00000000800040c0 (0xfef760e3)
core   0: 0x00000000800040a0 (0xfec42783) lw      a5, -20(s0)
3 0x00000000800040a0 (0xfec42783) x15 0x80006088 mem 0x80025f5c
core   0: 0x00000000800040a4 (0x00478713) addi    a4, a5, 4
3 0x00000000800040a4 (0x00478713) x14 0x8000608c
core   0: 0x00000000800040a8 (0xfee42623) sw      a4, -20(s0)
3 0x00000000800040a8 (0xfee42623) mem 0x80025f5c 0x8000608c
core   0: 0x00000000800040ac (0xfe442703) lw      a4, -28(s0)
3 0x00000000800040ac (0xfe442703) x14 0x00000000 mem 0x80025f54
core   0: 0x00000000800040b0 (0x0000c398) c.sw    a4, 0(a5)
3 0x00000000800040b0 (0xc398) mem 0x80006088 0x00000000
core   0: 0x00000000800040b2 (0xfdc42703) lw      a4, -36(s0)
3 0x00000000800040b2 (0xfdc42703) x14 0x80006040 mem 0x80025f4c
core   0: 0x00000000800040b6 (0xfd442783) lw      a5, -44(s0)
3 0x00000000800040b6 (0xfd442783) x15 0x000000ac mem 0x80025f44
core   0: 0x00000000800040ba (0x000097ba) c.add   a5, a4
3 0x00000000800040ba (0x97ba) x15 0x800060ec
core   0: 0x00000000800040bc (0xfec42703) lw      a4, -20(s0)
3 0x00000000800040bc (0xfec42703) x14 0x8000608c mem 0x80025f5c
core   0: 0x00000000800040c0 (0xfef760e3) bltu    a4, a5, pc - 32
3 0x00000000800040c0 (0xfef760e3)
core   0: 0x00000000800040a0 (0xfec42783) lw      a5, -20(s0)
3 0x00000000800040a0 (0xfec42783) x15 0x8000608c mem 0x80025f5c
core   0: 0x00000000800040a4 (0x00478713) addi    a4, a5, 4
3 0x00000000800040a4 (0x00478713) x14 0x80006090
core   0: 0x00000000800040a8 (0xfee42623) sw      a4, -20(s0)
3 0x00000000800040a8 (0xfee42623) mem 0x80025f5c 0x80006090
core   0: 0x00000000800040ac (0xfe442703) lw      a4, -28(s0)
3 0x00000000800040ac (0xfe442703) x14 0x00000000 mem 0x80025f54
core   0: 0x00000000800040b0 (0x0000c398) c.sw    a4, 0(a5)
3 0x00000000800040b0 (0xc398) mem 0x8000608c 0x00000000
core   0: 0x00000000800040b2 (0xfdc42703) lw      a4, -36(s0)
3 0x00000000800040b2 (0xfdc42703) x14 0x80006040 mem 0x80025f4c
core   0: 0x00000000800040b6 (0xfd442783) lw      a5, -44(s0)
3 0x00000000800040b6 (0xfd442783) x15 0x000000ac mem 0x80025f44
core   0: 0x00000000800040ba (0x000097ba) c.add   a5, a4
3 0x00000000800040ba (0x97ba) x15 0x800060ec
core   0: 0x00000000800040bc (0xfec42703) lw      a4, -20(s0)
3 0x00000000800040bc (0xfec42703) x14 0x80006090 mem 0x80025f5c
core   0: 0x00000000800040c0 (0xfef760e3) bltu    a4, a5, pc - 32
3 0x00000000800040c0 (0xfef760e3)
core   0: 0x00000000800040a0 (0xfec42783) lw      a5, -20(s0)
3 0x00000000800040a0 (0xfec42783) x15 0x80006090 mem 0x80025f5c
core   0: 0x00000000800040a4 (0x00478713) addi    a4, a5, 4
3 0x00000000800040a4 (0x00478713) x14 0x80006094
core   0: 0x00000000800040a8 (0xfee42623) sw      a4, -20(s0)
3 0x00000000800040a8 (0xfee42623) mem 0x80025f5c 0x80006094
core   0: 0x00000000800040ac (0xfe442703) lw      a4, -28(s0)
3 0x00000000800040ac (0xfe442703) x14 0x00000000 mem 0x80025f54
core   0: 0x00000000800040b0 (0x0000c398) c.sw    a4, 0(a5)
3 0x00000000800040b0 (0xc398) mem 0x80006090 0x00000000
core   0: 0x00000000800040b2 (0xfdc42703) lw      a4, -36(s0)
3 0x00000000800040b2 (0xfdc42703) x14 0x80006040 mem 0x80025f4c
core   0: 0x00000000800040b6 (0xfd442783) lw      a5, -44(s0)
3 0x00000000800040b6 (0xfd442783) x15 0x000000ac mem 0x80025f44
core   0: 0x00000000800040ba (0x000097ba) c.add   a5, a4
3 0x00000000800040ba (0x97ba) x15 0x800060ec
core   0: 0x00000000800040bc (0xfec42703) lw      a4, -20(s0)
3 0x00000000800040bc (0xfec42703) x14 0x80006094 mem 0x80025f5c
core   0: 0x00000000800040c0 (0xfef760e3) bltu    a4, a5, pc - 32
3 0x00000000800040c0 (0xfef760e3)
core   0: 0x00000000800040a0 (0xfec42783) lw      a5, -20(s0)
3 0x00000000800040a0 (0xfec42783) x15 0x80006094 mem 0x80025f5c
core   0: 0x00000000800040a4 (0x00478713) addi    a4, a5, 4
3 0x00000000800040a4 (0x00478713) x14 0x80006098
core   0: 0x00000000800040a8 (0xfee42623) sw      a4, -20(s0)
3 0x00000000800040a8 (0xfee42623) mem 0x80025f5c 0x80006098
core   0: 0x00000000800040ac (0xfe442703) lw      a4, -28(s0)
3 0x00000000800040ac (0xfe442703) x14 0x00000000 mem 0x80025f54
core   0: 0x00000000800040b0 (0x0000c398) c.sw    a4, 0(a5)
3 0x00000000800040b0 (0xc398) mem 0x80006094 0x00000000
core   0: 0x00000000800040b2 (0xfdc42703) lw      a4, -36(s0)
3 0x00000000800040b2 (0xfdc42703) x14 0x80006040 mem 0x80025f4c
core   0: 0x00000000800040b6 (0xfd442783) lw      a5, -44(s0)
3 0x00000000800040b6 (0xfd442783) x15 0x000000ac mem 0x80025f44
core   0: 0x00000000800040ba (0x000097ba) c.add   a5, a4
3 0x00000000800040ba (0x97ba) x15 0x800060ec
core   0: 0x00000000800040bc (0xfec42703) lw      a4, -20(s0)
3 0x00000000800040bc (0xfec42703) x14 0x80006098 mem 0x80025f5c
core   0: 0x00000000800040c0 (0xfef760e3) bltu    a4, a5, pc - 32
3 0x00000000800040c0 (0xfef760e3)
core   0: 0x00000000800040a0 (0xfec42783) lw      a5, -20(s0)
3 0x00000000800040a0 (0xfec42783) x15 0x80006098 mem 0x80025f5c
core   0: 0x00000000800040a4 (0x00478713) addi    a4, a5, 4
3 0x00000000800040a4 (0x00478713) x14 0x8000609c
core   0: 0x00000000800040a8 (0xfee42623) sw      a4, -20(s0)
3 0x00000000800040a8 (0xfee42623) mem 0x80025f5c 0x8000609c
core   0: 0x00000000800040ac (0xfe442703) lw      a4, -28(s0)
3 0x00000000800040ac (0xfe442703) x14 0x00000000 mem 0x80025f54
core   0: 0x00000000800040b0 (0x0000c398) c.sw    a4, 0(a5)
3 0x00000000800040b0 (0xc398) mem 0x80006098 0x00000000
core   0: 0x00000000800040b2 (0xfdc42703) lw      a4, -36(s0)
3 0x00000000800040b2 (0xfdc42703) x14 0x80006040 mem 0x80025f4c
core   0: 0x00000000800040b6 (0xfd442783) lw      a5, -44(s0)
3 0x00000000800040b6 (0xfd442783) x15 0x000000ac mem 0x80025f44
core   0: 0x00000000800040ba (0x000097ba) c.add   a5, a4
3 0x00000000800040ba (0x97ba) x15 0x800060ec
core   0: 0x00000000800040bc (0xfec42703) lw      a4, -20(s0)
3 0x00000000800040bc (0xfec42703) x14 0x8000609c mem 0x80025f5c
core   0: 0x00000000800040c0 (0xfef760e3) bltu    a4, a5, pc - 32
3 0x00000000800040c0 (0xfef760e3)
core   0: 0x00000000800040a0 (0xfec42783) lw      a5, -20(s0)
3 0x00000000800040a0 (0xfec42783) x15 0x8000609c mem 0x80025f5c
core   0: 0x00000000800040a4 (0x00478713) addi    a4, a5, 4
3 0x00000000800040a4 (0x00478713) x14 0x800060a0
core   0: 0x00000000800040a8 (0xfee42623) sw      a4, -20(s0)
3 0x00000000800040a8 (0xfee42623) mem 0x80025f5c 0x800060a0
core   0: 0x00000000800040ac (0xfe442703) lw      a4, -28(s0)
3 0x00000000800040ac (0xfe442703) x14 0x00000000 mem 0x80025f54
core   0: 0x00000000800040b0 (0x0000c398) c.sw    a4, 0(a5)
3 0x00000000800040b0 (0xc398) mem 0x8000609c 0x00000000
core   0: 0x00000000800040b2 (0xfdc42703) lw      a4, -36(s0)
3 0x00000000800040b2 (0xfdc42703) x14 0x80006040 mem 0x80025f4c
core   0: 0x00000000800040b6 (0xfd442783) lw      a5, -44(s0)
3 0x00000000800040b6 (0xfd442783) x15 0x000000ac mem 0x80025f44
core   0: 0x00000000800040ba (0x000097ba) c.add   a5, a4
3 0x00000000800040ba (0x97ba) x15 0x800060ec
core   0: 0x00000000800040bc (0xfec42703) lw      a4, -20(s0)
3 0x00000000800040bc (0xfec42703) x14 0x800060a0 mem 0x80025f5c
core   0: 0x00000000800040c0 (0xfef760e3) bltu    a4, a5, pc - 32
3 0x00000000800040c0 (0xfef760e3)
core   0: 0x00000000800040a0 (0xfec42783) lw      a5, -20(s0)
3 0x00000000800040a0 (0xfec42783) x15 0x800060a0 mem 0x80025f5c
core   0: 0x00000000800040a4 (0x00478713) addi    a4, a5, 4
3 0x00000000800040a4 (0x00478713) x14 0x800060a4
core   0: 0x00000000800040a8 (0xfee42623) sw      a4, -20(s0)
3 0x00000000800040a8 (0xfee42623) mem 0x80025f5c 0x800060a4
core   0: 0x00000000800040ac (0xfe442703) lw      a4, -28(s0)
3 0x00000000800040ac (0xfe442703) x14 0x00000000 mem 0x80025f54
core   0: 0x00000000800040b0 (0x0000c398) c.sw    a4, 0(a5)
3 0x00000000800040b0 (0xc398) mem 0x800060a0 0x00000000
core   0: 0x00000000800040b2 (0xfdc42703) lw      a4, -36(s0)
3 0x00000000800040b2 (0xfdc42703) x14 0x80006040 mem 0x80025f4c
core   0: 0x00000000800040b6 (0xfd442783) lw      a5, -44(s0)
3 0x00000000800040b6 (0xfd442783) x15 0x000000ac mem 0x80025f44
core   0: 0x00000000800040ba (0x000097ba) c.add   a5, a4
3 0x00000000800040ba (0x97ba) x15 0x800060ec
core   0: 0x00000000800040bc (0xfec42703) lw      a4, -20(s0)
3 0x00000000800040bc (0xfec42703) x14 0x800060a4 mem 0x80025f5c
core   0: 0x00000000800040c0 (0xfef760e3) bltu    a4, a5, pc - 32
3 0x00000000800040c0 (0xfef760e3)
core   0: 0x00000000800040a0 (0xfec42783) lw      a5, -20(s0)
3 0x00000000800040a0 (0xfec42783) x15 0x800060a4 mem 0x80025f5c
core   0: 0x00000000800040a4 (0x00478713) addi    a4, a5, 4
3 0x00000000800040a4 (0x00478713) x14 0x800060a8
core   0: 0x00000000800040a8 (0xfee42623) sw      a4, -20(s0)
3 0x00000000800040a8 (0xfee42623) mem 0x80025f5c 0x800060a8
core   0: 0x00000000800040ac (0xfe442703) lw      a4, -28(s0)
3 0x00000000800040ac (0xfe442703) x14 0x00000000 mem 0x80025f54
core   0: 0x00000000800040b0 (0x0000c398) c.sw    a4, 0(a5)
3 0x00000000800040b0 (0xc398) mem 0x800060a4 0x00000000
core   0: 0x00000000800040b2 (0xfdc42703) lw      a4, -36(s0)
3 0x00000000800040b2 (0xfdc42703) x14 0x80006040 mem 0x80025f4c
core   0: 0x00000000800040b6 (0xfd442783) lw      a5, -44(s0)
3 0x00000000800040b6 (0xfd442783) x15 0x000000ac mem 0x80025f44
core   0: 0x00000000800040ba (0x000097ba) c.add   a5, a4
3 0x00000000800040ba (0x97ba) x15 0x800060ec
core   0: 0x00000000800040bc (0xfec42703) lw      a4, -20(s0)
3 0x00000000800040bc (0xfec42703) x14 0x800060a8 mem 0x80025f5c
core   0: 0x00000000800040c0 (0xfef760e3) bltu    a4, a5, pc - 32
3 0x00000000800040c0 (0xfef760e3)
core   0: 0x00000000800040a0 (0xfec42783) lw      a5, -20(s0)
3 0x00000000800040a0 (0xfec42783) x15 0x800060a8 mem 0x80025f5c
core   0: 0x00000000800040a4 (0x00478713) addi    a4, a5, 4
3 0x00000000800040a4 (0x00478713) x14 0x800060ac
core   0: 0x00000000800040a8 (0xfee42623) sw      a4, -20(s0)
3 0x00000000800040a8 (0xfee42623) mem 0x80025f5c 0x800060ac
core   0: 0x00000000800040ac (0xfe442703) lw      a4, -28(s0)
3 0x00000000800040ac (0xfe442703) x14 0x00000000 mem 0x80025f54
core   0: 0x00000000800040b0 (0x0000c398) c.sw    a4, 0(a5)
3 0x00000000800040b0 (0xc398) mem 0x800060a8 0x00000000
core   0: 0x00000000800040b2 (0xfdc42703) lw      a4, -36(s0)
3 0x00000000800040b2 (0xfdc42703) x14 0x80006040 mem 0x80025f4c
core   0: 0x00000000800040b6 (0xfd442783) lw      a5, -44(s0)
3 0x00000000800040b6 (0xfd442783) x15 0x000000ac mem 0x80025f44
core   0: 0x00000000800040ba (0x000097ba) c.add   a5, a4
3 0x00000000800040ba (0x97ba) x15 0x800060ec
core   0: 0x00000000800040bc (0xfec42703) lw      a4, -20(s0)
3 0x00000000800040bc (0xfec42703) x14 0x800060ac mem 0x80025f5c
core   0: 0x00000000800040c0 (0xfef760e3) bltu    a4, a5, pc - 32
3 0x00000000800040c0 (0xfef760e3)
core   0: 0x00000000800040a0 (0xfec42783) lw      a5, -20(s0)
3 0x00000000800040a0 (0xfec42783) x15 0x800060ac mem 0x80025f5c
core   0: 0x00000000800040a4 (0x00478713) addi    a4, a5, 4
3 0x00000000800040a4 (0x00478713) x14 0x800060b0
core   0: 0x00000000800040a8 (0xfee42623) sw      a4, -20(s0)
3 0x00000000800040a8 (0xfee42623) mem 0x80025f5c 0x800060b0
core   0: 0x00000000800040ac (0xfe442703) lw      a4, -28(s0)
3 0x00000000800040ac (0xfe442703) x14 0x00000000 mem 0x80025f54
core   0: 0x00000000800040b0 (0x0000c398) c.sw    a4, 0(a5)
3 0x00000000800040b0 (0xc398) mem 0x800060ac 0x00000000
core   0: 0x00000000800040b2 (0xfdc42703) lw      a4, -36(s0)
3 0x00000000800040b2 (0xfdc42703) x14 0x80006040 mem 0x80025f4c
core   0: 0x00000000800040b6 (0xfd442783) lw      a5, -44(s0)
3 0x00000000800040b6 (0xfd442783) x15 0x000000ac mem 0x80025f44
core   0: 0x00000000800040ba (0x000097ba) c.add   a5, a4
3 0x00000000800040ba (0x97ba) x15 0x800060ec
core   0: 0x00000000800040bc (0xfec42703) lw      a4, -20(s0)
3 0x00000000800040bc (0xfec42703) x14 0x800060b0 mem 0x80025f5c
core   0: 0x00000000800040c0 (0xfef760e3) bltu    a4, a5, pc - 32
3 0x00000000800040c0 (0xfef760e3)
core   0: 0x00000000800040a0 (0xfec42783) lw      a5, -20(s0)
3 0x00000000800040a0 (0xfec42783) x15 0x800060b0 mem 0x80025f5c
core   0: 0x00000000800040a4 (0x00478713) addi    a4, a5, 4
3 0x00000000800040a4 (0x00478713) x14 0x800060b4
core   0: 0x00000000800040a8 (0xfee42623) sw      a4, -20(s0)
3 0x00000000800040a8 (0xfee42623) mem 0x80025f5c 0x800060b4
core   0: 0x00000000800040ac (0xfe442703) lw      a4, -28(s0)
3 0x00000000800040ac (0xfe442703) x14 0x00000000 mem 0x80025f54
core   0: 0x00000000800040b0 (0x0000c398) c.sw    a4, 0(a5)
3 0x00000000800040b0 (0xc398) mem 0x800060b0 0x00000000
core   0: 0x00000000800040b2 (0xfdc42703) lw      a4, -36(s0)
3 0x00000000800040b2 (0xfdc42703) x14 0x80006040 mem 0x80025f4c
core   0: 0x00000000800040b6 (0xfd442783) lw      a5, -44(s0)
3 0x00000000800040b6 (0xfd442783) x15 0x000000ac mem 0x80025f44
core   0: 0x00000000800040ba (0x000097ba) c.add   a5, a4
3 0x00000000800040ba (0x97ba) x15 0x800060ec
core   0: 0x00000000800040bc (0xfec42703) lw      a4, -20(s0)
3 0x00000000800040bc (0xfec42703) x14 0x800060b4 mem 0x80025f5c
core   0: 0x00000000800040c0 (0xfef760e3) bltu    a4, a5, pc - 32
3 0x00000000800040c0 (0xfef760e3)
core   0: 0x00000000800040a0 (0xfec42783) lw      a5, -20(s0)
3 0x00000000800040a0 (0xfec42783) x15 0x800060b4 mem 0x80025f5c
core   0: 0x00000000800040a4 (0x00478713) addi    a4, a5, 4
3 0x00000000800040a4 (0x00478713) x14 0x800060b8
core   0: 0x00000000800040a8 (0xfee42623) sw      a4, -20(s0)
3 0x00000000800040a8 (0xfee42623) mem 0x80025f5c 0x800060b8
core   0: 0x00000000800040ac (0xfe442703) lw      a4, -28(s0)
3 0x00000000800040ac (0xfe442703) x14 0x00000000 mem 0x80025f54
core   0: 0x00000000800040b0 (0x0000c398) c.sw    a4, 0(a5)
3 0x00000000800040b0 (0xc398) mem 0x800060b4 0x00000000
core   0: 0x00000000800040b2 (0xfdc42703) lw      a4, -36(s0)
3 0x00000000800040b2 (0xfdc42703) x14 0x80006040 mem 0x80025f4c
core   0: 0x00000000800040b6 (0xfd442783) lw      a5, -44(s0)
3 0x00000000800040b6 (0xfd442783) x15 0x000000ac mem 0x80025f44
core   0: 0x00000000800040ba (0x000097ba) c.add   a5, a4
3 0x00000000800040ba (0x97ba) x15 0x800060ec
core   0: 0x00000000800040bc (0xfec42703) lw      a4, -20(s0)
3 0x00000000800040bc (0xfec42703) x14 0x800060b8 mem 0x80025f5c
core   0: 0x00000000800040c0 (0xfef760e3) bltu    a4, a5, pc - 32
3 0x00000000800040c0 (0xfef760e3)
core   0: 0x00000000800040a0 (0xfec42783) lw      a5, -20(s0)
3 0x00000000800040a0 (0xfec42783) x15 0x800060b8 mem 0x80025f5c
core   0: 0x00000000800040a4 (0x00478713) addi    a4, a5, 4
3 0x00000000800040a4 (0x00478713) x14 0x800060bc
core   0: 0x00000000800040a8 (0xfee42623) sw      a4, -20(s0)
3 0x00000000800040a8 (0xfee42623) mem 0x80025f5c 0x800060bc
core   0: 0x00000000800040ac (0xfe442703) lw      a4, -28(s0)
3 0x00000000800040ac (0xfe442703) x14 0x00000000 mem 0x80025f54
core   0: 0x00000000800040b0 (0x0000c398) c.sw    a4, 0(a5)
3 0x00000000800040b0 (0xc398) mem 0x800060b8 0x00000000
core   0: 0x00000000800040b2 (0xfdc42703) lw      a4, -36(s0)
3 0x00000000800040b2 (0xfdc42703) x14 0x80006040 mem 0x80025f4c
core   0: 0x00000000800040b6 (0xfd442783) lw      a5, -44(s0)
3 0x00000000800040b6 (0xfd442783) x15 0x000000ac mem 0x80025f44
core   0: 0x00000000800040ba (0x000097ba) c.add   a5, a4
3 0x00000000800040ba (0x97ba) x15 0x800060ec
core   0: 0x00000000800040bc (0xfec42703) lw      a4, -20(s0)
3 0x00000000800040bc (0xfec42703) x14 0x800060bc mem 0x80025f5c
core   0: 0x00000000800040c0 (0xfef760e3) bltu    a4, a5, pc - 32
3 0x00000000800040c0 (0xfef760e3)
core   0: 0x00000000800040a0 (0xfec42783) lw      a5, -20(s0)
3 0x00000000800040a0 (0xfec42783) x15 0x800060bc mem 0x80025f5c
core   0: 0x00000000800040a4 (0x00478713) addi    a4, a5, 4
3 0x00000000800040a4 (0x00478713) x14 0x800060c0
core   0: 0x00000000800040a8 (0xfee42623) sw      a4, -20(s0)
3 0x00000000800040a8 (0xfee42623) mem 0x80025f5c 0x800060c0
core   0: 0x00000000800040ac (0xfe442703) lw      a4, -28(s0)
3 0x00000000800040ac (0xfe442703) x14 0x00000000 mem 0x80025f54
core   0: 0x00000000800040b0 (0x0000c398) c.sw    a4, 0(a5)
3 0x00000000800040b0 (0xc398) mem 0x800060bc 0x00000000
core   0: 0x00000000800040b2 (0xfdc42703) lw      a4, -36(s0)
3 0x00000000800040b2 (0xfdc42703) x14 0x80006040 mem 0x80025f4c
core   0: 0x00000000800040b6 (0xfd442783) lw      a5, -44(s0)
3 0x00000000800040b6 (0xfd442783) x15 0x000000ac mem 0x80025f44
core   0: 0x00000000800040ba (0x000097ba) c.add   a5, a4
3 0x00000000800040ba (0x97ba) x15 0x800060ec
core   0: 0x00000000800040bc (0xfec42703) lw      a4, -20(s0)
3 0x00000000800040bc (0xfec42703) x14 0x800060c0 mem 0x80025f5c
core   0: 0x00000000800040c0 (0xfef760e3) bltu    a4, a5, pc - 32
3 0x00000000800040c0 (0xfef760e3)
core   0: 0x00000000800040a0 (0xfec42783) lw      a5, -20(s0)
3 0x00000000800040a0 (0xfec42783) x15 0x800060c0 mem 0x80025f5c
core   0: 0x00000000800040a4 (0x00478713) addi    a4, a5, 4
3 0x00000000800040a4 (0x00478713) x14 0x800060c4
core   0: 0x00000000800040a8 (0xfee42623) sw      a4, -20(s0)
3 0x00000000800040a8 (0xfee42623) mem 0x80025f5c 0x800060c4
core   0: 0x00000000800040ac (0xfe442703) lw      a4, -28(s0)
3 0x00000000800040ac (0xfe442703) x14 0x00000000 mem 0x80025f54
core   0: 0x00000000800040b0 (0x0000c398) c.sw    a4, 0(a5)
3 0x00000000800040b0 (0xc398) mem 0x800060c0 0x00000000
core   0: 0x00000000800040b2 (0xfdc42703) lw      a4, -36(s0)
3 0x00000000800040b2 (0xfdc42703) x14 0x80006040 mem 0x80025f4c
core   0: 0x00000000800040b6 (0xfd442783) lw      a5, -44(s0)
3 0x00000000800040b6 (0xfd442783) x15 0x000000ac mem 0x80025f44
core   0: 0x00000000800040ba (0x000097ba) c.add   a5, a4
3 0x00000000800040ba (0x97ba) x15 0x800060ec
core   0: 0x00000000800040bc (0xfec42703) lw      a4, -20(s0)
3 0x00000000800040bc (0xfec42703) x14 0x800060c4 mem 0x80025f5c
core   0: 0x00000000800040c0 (0xfef760e3) bltu    a4, a5, pc - 32
3 0x00000000800040c0 (0xfef760e3)
core   0: 0x00000000800040a0 (0xfec42783) lw      a5, -20(s0)
3 0x00000000800040a0 (0xfec42783) x15 0x800060c4 mem 0x80025f5c
core   0: 0x00000000800040a4 (0x00478713) addi    a4, a5, 4
3 0x00000000800040a4 (0x00478713) x14 0x800060c8
core   0: 0x00000000800040a8 (0xfee42623) sw      a4, -20(s0)
3 0x00000000800040a8 (0xfee42623) mem 0x80025f5c 0x800060c8
core   0: 0x00000000800040ac (0xfe442703) lw      a4, -28(s0)
3 0x00000000800040ac (0xfe442703) x14 0x00000000 mem 0x80025f54
core   0: 0x00000000800040b0 (0x0000c398) c.sw    a4, 0(a5)
3 0x00000000800040b0 (0xc398) mem 0x800060c4 0x00000000
core   0: 0x00000000800040b2 (0xfdc42703) lw      a4, -36(s0)
3 0x00000000800040b2 (0xfdc42703) x14 0x80006040 mem 0x80025f4c
core   0: 0x00000000800040b6 (0xfd442783) lw      a5, -44(s0)
3 0x00000000800040b6 (0xfd442783) x15 0x000000ac mem 0x80025f44
core   0: 0x00000000800040ba (0x000097ba) c.add   a5, a4
3 0x00000000800040ba (0x97ba) x15 0x800060ec
core   0: 0x00000000800040bc (0xfec42703) lw      a4, -20(s0)
3 0x00000000800040bc (0xfec42703) x14 0x800060c8 mem 0x80025f5c
core   0: 0x00000000800040c0 (0xfef760e3) bltu    a4, a5, pc - 32
3 0x00000000800040c0 (0xfef760e3)
core   0: 0x00000000800040a0 (0xfec42783) lw      a5, -20(s0)
3 0x00000000800040a0 (0xfec42783) x15 0x800060c8 mem 0x80025f5c
core   0: 0x00000000800040a4 (0x00478713) addi    a4, a5, 4
3 0x00000000800040a4 (0x00478713) x14 0x800060cc
core   0: 0x00000000800040a8 (0xfee42623) sw      a4, -20(s0)
3 0x00000000800040a8 (0xfee42623) mem 0x80025f5c 0x800060cc
core   0: 0x00000000800040ac (0xfe442703) lw      a4, -28(s0)
3 0x00000000800040ac (0xfe442703) x14 0x00000000 mem 0x80025f54
core   0: 0x00000000800040b0 (0x0000c398) c.sw    a4, 0(a5)
3 0x00000000800040b0 (0xc398) mem 0x800060c8 0x00000000
core   0: 0x00000000800040b2 (0xfdc42703) lw      a4, -36(s0)
3 0x00000000800040b2 (0xfdc42703) x14 0x80006040 mem 0x80025f4c
core   0: 0x00000000800040b6 (0xfd442783) lw      a5, -44(s0)
3 0x00000000800040b6 (0xfd442783) x15 0x000000ac mem 0x80025f44
core   0: 0x00000000800040ba (0x000097ba) c.add   a5, a4
3 0x00000000800040ba (0x97ba) x15 0x800060ec
core   0: 0x00000000800040bc (0xfec42703) lw      a4, -20(s0)
3 0x00000000800040bc (0xfec42703) x14 0x800060cc mem 0x80025f5c
core   0: 0x00000000800040c0 (0xfef760e3) bltu    a4, a5, pc - 32
3 0x00000000800040c0 (0xfef760e3)
core   0: 0x00000000800040a0 (0xfec42783) lw      a5, -20(s0)
3 0x00000000800040a0 (0xfec42783) x15 0x800060cc mem 0x80025f5c
core   0: 0x00000000800040a4 (0x00478713) addi    a4, a5, 4
3 0x00000000800040a4 (0x00478713) x14 0x800060d0
core   0: 0x00000000800040a8 (0xfee42623) sw      a4, -20(s0)
3 0x00000000800040a8 (0xfee42623) mem 0x80025f5c 0x800060d0
core   0: 0x00000000800040ac (0xfe442703) lw      a4, -28(s0)
3 0x00000000800040ac (0xfe442703) x14 0x00000000 mem 0x80025f54
core   0: 0x00000000800040b0 (0x0000c398) c.sw    a4, 0(a5)
3 0x00000000800040b0 (0xc398) mem 0x800060cc 0x00000000
core   0: 0x00000000800040b2 (0xfdc42703) lw      a4, -36(s0)
3 0x00000000800040b2 (0xfdc42703) x14 0x80006040 mem 0x80025f4c
core   0: 0x00000000800040b6 (0xfd442783) lw      a5, -44(s0)
3 0x00000000800040b6 (0xfd442783) x15 0x000000ac mem 0x80025f44
core   0: 0x00000000800040ba (0x000097ba) c.add   a5, a4
3 0x00000000800040ba (0x97ba) x15 0x800060ec
core   0: 0x00000000800040bc (0xfec42703) lw      a4, -20(s0)
3 0x00000000800040bc (0xfec42703) x14 0x800060d0 mem 0x80025f5c
core   0: 0x00000000800040c0 (0xfef760e3) bltu    a4, a5, pc - 32
3 0x00000000800040c0 (0xfef760e3)
core   0: 0x00000000800040a0 (0xfec42783) lw      a5, -20(s0)
3 0x00000000800040a0 (0xfec42783) x15 0x800060d0 mem 0x80025f5c
core   0: 0x00000000800040a4 (0x00478713) addi    a4, a5, 4
3 0x00000000800040a4 (0x00478713) x14 0x800060d4
core   0: 0x00000000800040a8 (0xfee42623) sw      a4, -20(s0)
3 0x00000000800040a8 (0xfee42623) mem 0x80025f5c 0x800060d4
core   0: 0x00000000800040ac (0xfe442703) lw      a4, -28(s0)
3 0x00000000800040ac (0xfe442703) x14 0x00000000 mem 0x80025f54
core   0: 0x00000000800040b0 (0x0000c398) c.sw    a4, 0(a5)
3 0x00000000800040b0 (0xc398) mem 0x800060d0 0x00000000
core   0: 0x00000000800040b2 (0xfdc42703) lw      a4, -36(s0)
3 0x00000000800040b2 (0xfdc42703) x14 0x80006040 mem 0x80025f4c
core   0: 0x00000000800040b6 (0xfd442783) lw      a5, -44(s0)
3 0x00000000800040b6 (0xfd442783) x15 0x000000ac mem 0x80025f44
core   0: 0x00000000800040ba (0x000097ba) c.add   a5, a4
3 0x00000000800040ba (0x97ba) x15 0x800060ec
core   0: 0x00000000800040bc (0xfec42703) lw      a4, -20(s0)
3 0x00000000800040bc (0xfec42703) x14 0x800060d4 mem 0x80025f5c
core   0: 0x00000000800040c0 (0xfef760e3) bltu    a4, a5, pc - 32
3 0x00000000800040c0 (0xfef760e3)
core   0: 0x00000000800040a0 (0xfec42783) lw      a5, -20(s0)
3 0x00000000800040a0 (0xfec42783) x15 0x800060d4 mem 0x80025f5c
core   0: 0x00000000800040a4 (0x00478713) addi    a4, a5, 4
3 0x00000000800040a4 (0x00478713) x14 0x800060d8
core   0: 0x00000000800040a8 (0xfee42623) sw      a4, -20(s0)
3 0x00000000800040a8 (0xfee42623) mem 0x80025f5c 0x800060d8
core   0: 0x00000000800040ac (0xfe442703) lw      a4, -28(s0)
3 0x00000000800040ac (0xfe442703) x14 0x00000000 mem 0x80025f54
core   0: 0x00000000800040b0 (0x0000c398) c.sw    a4, 0(a5)
3 0x00000000800040b0 (0xc398) mem 0x800060d4 0x00000000
core   0: 0x00000000800040b2 (0xfdc42703) lw      a4, -36(s0)
3 0x00000000800040b2 (0xfdc42703) x14 0x80006040 mem 0x80025f4c
core   0: 0x00000000800040b6 (0xfd442783) lw      a5, -44(s0)
3 0x00000000800040b6 (0xfd442783) x15 0x000000ac mem 0x80025f44
core   0: 0x00000000800040ba (0x000097ba) c.add   a5, a4
3 0x00000000800040ba (0x97ba) x15 0x800060ec
core   0: 0x00000000800040bc (0xfec42703) lw      a4, -20(s0)
3 0x00000000800040bc (0xfec42703) x14 0x800060d8 mem 0x80025f5c
core   0: 0x00000000800040c0 (0xfef760e3) bltu    a4, a5, pc - 32
3 0x00000000800040c0 (0xfef760e3)
core   0: 0x00000000800040a0 (0xfec42783) lw      a5, -20(s0)
3 0x00000000800040a0 (0xfec42783) x15 0x800060d8 mem 0x80025f5c
core   0: 0x00000000800040a4 (0x00478713) addi    a4, a5, 4
3 0x00000000800040a4 (0x00478713) x14 0x800060dc
core   0: 0x00000000800040a8 (0xfee42623) sw      a4, -20(s0)
3 0x00000000800040a8 (0xfee42623) mem 0x80025f5c 0x800060dc
core   0: 0x00000000800040ac (0xfe442703) lw      a4, -28(s0)
3 0x00000000800040ac (0xfe442703) x14 0x00000000 mem 0x80025f54
core   0: 0x00000000800040b0 (0x0000c398) c.sw    a4, 0(a5)
3 0x00000000800040b0 (0xc398) mem 0x800060d8 0x00000000
core   0: 0x00000000800040b2 (0xfdc42703) lw      a4, -36(s0)
3 0x00000000800040b2 (0xfdc42703) x14 0x80006040 mem 0x80025f4c
core   0: 0x00000000800040b6 (0xfd442783) lw      a5, -44(s0)
3 0x00000000800040b6 (0xfd442783) x15 0x000000ac mem 0x80025f44
core   0: 0x00000000800040ba (0x000097ba) c.add   a5, a4
3 0x00000000800040ba (0x97ba) x15 0x800060ec
core   0: 0x00000000800040bc (0xfec42703) lw      a4, -20(s0)
3 0x00000000800040bc (0xfec42703) x14 0x800060dc mem 0x80025f5c
core   0: 0x00000000800040c0 (0xfef760e3) bltu    a4, a5, pc - 32
3 0x00000000800040c0 (0xfef760e3)
core   0: 0x00000000800040a0 (0xfec42783) lw      a5, -20(s0)
3 0x00000000800040a0 (0xfec42783) x15 0x800060dc mem 0x80025f5c
core   0: 0x00000000800040a4 (0x00478713) addi    a4, a5, 4
3 0x00000000800040a4 (0x00478713) x14 0x800060e0
core   0: 0x00000000800040a8 (0xfee42623) sw      a4, -20(s0)
3 0x00000000800040a8 (0xfee42623) mem 0x80025f5c 0x800060e0
core   0: 0x00000000800040ac (0xfe442703) lw      a4, -28(s0)
3 0x00000000800040ac (0xfe442703) x14 0x00000000 mem 0x80025f54
core   0: 0x00000000800040b0 (0x0000c398) c.sw    a4, 0(a5)
3 0x00000000800040b0 (0xc398) mem 0x800060dc 0x00000000
core   0: 0x00000000800040b2 (0xfdc42703) lw      a4, -36(s0)
3 0x00000000800040b2 (0xfdc42703) x14 0x80006040 mem 0x80025f4c
core   0: 0x00000000800040b6 (0xfd442783) lw      a5, -44(s0)
3 0x00000000800040b6 (0xfd442783) x15 0x000000ac mem 0x80025f44
core   0: 0x00000000800040ba (0x000097ba) c.add   a5, a4
3 0x00000000800040ba (0x97ba) x15 0x800060ec
core   0: 0x00000000800040bc (0xfec42703) lw      a4, -20(s0)
3 0x00000000800040bc (0xfec42703) x14 0x800060e0 mem 0x80025f5c
core   0: 0x00000000800040c0 (0xfef760e3) bltu    a4, a5, pc - 32
3 0x00000000800040c0 (0xfef760e3)
core   0: 0x00000000800040a0 (0xfec42783) lw      a5, -20(s0)
3 0x00000000800040a0 (0xfec42783) x15 0x800060e0 mem 0x80025f5c
core   0: 0x00000000800040a4 (0x00478713) addi    a4, a5, 4
3 0x00000000800040a4 (0x00478713) x14 0x800060e4
core   0: 0x00000000800040a8 (0xfee42623) sw      a4, -20(s0)
3 0x00000000800040a8 (0xfee42623) mem 0x80025f5c 0x800060e4
core   0: 0x00000000800040ac (0xfe442703) lw      a4, -28(s0)
3 0x00000000800040ac (0xfe442703) x14 0x00000000 mem 0x80025f54
core   0: 0x00000000800040b0 (0x0000c398) c.sw    a4, 0(a5)
3 0x00000000800040b0 (0xc398) mem 0x800060e0 0x00000000
core   0: 0x00000000800040b2 (0xfdc42703) lw      a4, -36(s0)
3 0x00000000800040b2 (0xfdc42703) x14 0x80006040 mem 0x80025f4c
core   0: 0x00000000800040b6 (0xfd442783) lw      a5, -44(s0)
3 0x00000000800040b6 (0xfd442783) x15 0x000000ac mem 0x80025f44
core   0: 0x00000000800040ba (0x000097ba) c.add   a5, a4
3 0x00000000800040ba (0x97ba) x15 0x800060ec
core   0: 0x00000000800040bc (0xfec42703) lw      a4, -20(s0)
3 0x00000000800040bc (0xfec42703) x14 0x800060e4 mem 0x80025f5c
core   0: 0x00000000800040c0 (0xfef760e3) bltu    a4, a5, pc - 32
3 0x00000000800040c0 (0xfef760e3)
core   0: 0x00000000800040a0 (0xfec42783) lw      a5, -20(s0)
3 0x00000000800040a0 (0xfec42783) x15 0x800060e4 mem 0x80025f5c
core   0: 0x00000000800040a4 (0x00478713) addi    a4, a5, 4
3 0x00000000800040a4 (0x00478713) x14 0x800060e8
core   0: 0x00000000800040a8 (0xfee42623) sw      a4, -20(s0)
3 0x00000000800040a8 (0xfee42623) mem 0x80025f5c 0x800060e8
core   0: 0x00000000800040ac (0xfe442703) lw      a4, -28(s0)
3 0x00000000800040ac (0xfe442703) x14 0x00000000 mem 0x80025f54
core   0: 0x00000000800040b0 (0x0000c398) c.sw    a4, 0(a5)
3 0x00000000800040b0 (0xc398) mem 0x800060e4 0x00000000
core   0: 0x00000000800040b2 (0xfdc42703) lw      a4, -36(s0)
3 0x00000000800040b2 (0xfdc42703) x14 0x80006040 mem 0x80025f4c
core   0: 0x00000000800040b6 (0xfd442783) lw      a5, -44(s0)
3 0x00000000800040b6 (0xfd442783) x15 0x000000ac mem 0x80025f44
core   0: 0x00000000800040ba (0x000097ba) c.add   a5, a4
3 0x00000000800040ba (0x97ba) x15 0x800060ec
core   0: 0x00000000800040bc (0xfec42703) lw      a4, -20(s0)
3 0x00000000800040bc (0xfec42703) x14 0x800060e8 mem 0x80025f5c
core   0: 0x00000000800040c0 (0xfef760e3) bltu    a4, a5, pc - 32
3 0x00000000800040c0 (0xfef760e3)
core   0: 0x00000000800040a0 (0xfec42783) lw      a5, -20(s0)
3 0x00000000800040a0 (0xfec42783) x15 0x800060e8 mem 0x80025f5c
core   0: 0x00000000800040a4 (0x00478713) addi    a4, a5, 4
3 0x00000000800040a4 (0x00478713) x14 0x800060ec
core   0: 0x00000000800040a8 (0xfee42623) sw      a4, -20(s0)
3 0x00000000800040a8 (0xfee42623) mem 0x80025f5c 0x800060ec
core   0: 0x00000000800040ac (0xfe442703) lw      a4, -28(s0)
3 0x00000000800040ac (0xfe442703) x14 0x00000000 mem 0x80025f54
core   0: 0x00000000800040b0 (0x0000c398) c.sw    a4, 0(a5)
3 0x00000000800040b0 (0xc398) mem 0x800060e8 0x00000000
core   0: 0x00000000800040b2 (0xfdc42703) lw      a4, -36(s0)
3 0x00000000800040b2 (0xfdc42703) x14 0x80006040 mem 0x80025f4c
core   0: 0x00000000800040b6 (0xfd442783) lw      a5, -44(s0)
3 0x00000000800040b6 (0xfd442783) x15 0x000000ac mem 0x80025f44
core   0: 0x00000000800040ba (0x000097ba) c.add   a5, a4
3 0x00000000800040ba (0x97ba) x15 0x800060ec
core   0: 0x00000000800040bc (0xfec42703) lw      a4, -20(s0)
3 0x00000000800040bc (0xfec42703) x14 0x800060ec mem 0x80025f5c
core   0: 0x00000000800040c0 (0xfef760e3) bltu    a4, a5, pc - 32
3 0x00000000800040c0 (0xfef760e3)
core   0: 0x00000000800040c4 (0x0000a81d) c.j     pc + 54
3 0x00000000800040c4 (0xa81d)
core   0: 0x00000000800040fa (0xfdc42783) lw      a5, -36(s0)
3 0x00000000800040fa (0xfdc42783) x15 0x80006040 mem 0x80025f4c
core   0: 0x00000000800040fe (0x0000853e) c.mv    a0, a5
3 0x00000000800040fe (0x853e) x10 0x80006040
core   0: 0x0000000080004100 (0x00005432) c.lwsp  s0, 44(sp)
3 0x0000000080004100 (0x5432) x 8 0x80025f90 mem 0x80025f6c
core   0: 0x0000000080004102 (0x00006145) c.addi16sp sp, 48
3 0x0000000080004102 (0x6145) x 2 0x80025f70
core   0: 0x0000000080004104 (0x00008082) ret
3 0x0000000080004104 (0x8082)
core   0: 0x00000000800036d0 (0x00000001) c.nop
3 0x00000000800036d0 (0x0001)
core   0: 0x00000000800036d2 (0x000040f2) c.lwsp  ra, 28(sp)
3 0x00000000800036d2 (0x40f2) x 1 0x80003708 mem 0x80025f8c
core   0: 0x00000000800036d4 (0x00004462) c.lwsp  s0, 24(sp)
3 0x00000000800036d4 (0x4462) x 8 0x80026040 mem 0x80025f88
core   0: 0x00000000800036d6 (0x00006105) c.addi16sp sp, 32
3 0x00000000800036d6 (0x6105) x 2 0x80025f90
core   0: 0x00000000800036d8 (0x00008082) ret
3 0x00000000800036d8 (0x8082)
core   0: 0x0000000080003708 (0xf5842583) lw      a1, -168(s0)
3 0x0000000080003708 (0xf5842583) x11 0x00000001 mem 0x80025f98
core   0: 0x000000008000370c (0xf5c42503) lw      a0, -164(s0)
3 0x000000008000370c (0xf5c42503) x10 0x00000000 mem 0x80025f9c
core   0: 0x0000000080003710 (0x00003f39) c.jal   pc - 226
3 0x0000000080003710 (0x3f39) x 1 0x80003712
core   0: 0x000000008000362e (0x00001101) c.addi  sp, -32
3 0x000000008000362e (0x1101) x 2 0x80025f70
core   0: 0x0000000080003630 (0x0000ce22) c.swsp  s0, 28(sp)
3 0x0000000080003630 (0xce22) mem 0x80025f8c 0x80026040
core   0: 0x0000000080003632 (0x00001000) c.addi4spn s0, sp, 32
3 0x0000000080003632 (0x1000) x 8 0x80025f90
core   0: 0x0000000080003634 (0xfea42623) sw      a0, -20(s0)
3 0x0000000080003634 (0xfea42623) mem 0x80025f7c 0x00000000
core   0: 0x0000000080003638 (0xfeb42423) sw      a1, -24(s0)
3 0x0000000080003638 (0xfeb42423) mem 0x80025f78 0x00000001
core   0: 0x000000008000363c (0x00000001) c.nop
3 0x000000008000363c (0x0001)
core   0: 0x000000008000363e (0xfec42783) lw      a5, -20(s0)
3 0x000000008000363e (0xfec42783) x15 0x00000000 mem 0x80025f7c
core   0: 0x0000000080003642 (0x0000fff5) c.bnez  a5, pc - 4
3 0x0000000080003642 (0xfff5)
core   0: 0x0000000080003644 (0x00000001) c.nop
3 0x0000000080003644 (0x0001)
core   0: 0x0000000080003646 (0x00000001) c.nop
3 0x0000000080003646 (0x0001)
core   0: 0x0000000080003648 (0x00004472) c.lwsp  s0, 28(sp)
3 0x0000000080003648 (0x4472) x 8 0x80026040 mem 0x80025f8c
core   0: 0x000000008000364a (0x00006105) c.addi16sp sp, 32
3 0x000000008000364a (0x6105) x 2 0x80025f90
core   0: 0x000000008000364c (0x00008082) ret
3 0x000000008000364c (0x8082)
core   0: 0x0000000080003712 (0x00004581) c.li    a1, 0
3 0x0000000080003712 (0x4581) x11 0x00000000
core   0: 0x0000000080003714 (0x00004501) c.li    a0, 0
3 0x0000000080003714 (0x4501) x10 0x00000000
core   0: 0x0000000080003716 (0x000030ed) c.jal   pc - 1814
3 0x0000000080003716 (0x30ed) x 1 0x80003718
core   0: 0x0000000080003000 (0x00007179) c.addi16sp sp, -48
3 0x0000000080003000 (0x7179) x 2 0x80025f60
core   0: 0x0000000080003002 (0x0000d606) c.swsp  ra, 44(sp)
3 0x0000000080003002 (0xd606) mem 0x80025f8c 0x80003718
core   0: 0x0000000080003004 (0x0000d422) c.swsp  s0, 40(sp)
3 0x0000000080003004 (0xd422) mem 0x80025f88 0x80026040
core   0: 0x0000000080003006 (0x00001800) c.addi4spn s0, sp, 48
3 0x0000000080003006 (0x1800) x 8 0x80025f90
core   0: 0x0000000080003008 (0xfca42e23) sw      a0, -36(s0)
3 0x0000000080003008 (0xfca42e23) mem 0x80025f6c 0x00000000
core   0: 0x000000008000300c (0xfcb42c23) sw      a1, -40(s0)
3 0x000000008000300c (0xfcb42c23) mem 0x80025f68 0x00000000
core   0: 0x0000000080003010 (0x00004581) c.li    a1, 0
3 0x0000000080003010 (0x4581) x11 0x00000000
core   0: 0x0000000080003012 (0x00002517) auipc   a0, 0x2
3 0x0000000080003012 (0x00002517) x10 0x80005012
core   0: 0x0000000080003016 (0xfee50513) addi    a0, a0, -18
3 0x0000000080003016 (0xfee50513) x10 0x80005000
core   0: 0x000000008000301a (0x675000ef) jal     pc + 0xe74
3 0x000000008000301a (0x675000ef) x 1 0x8000301e
core   0: 0x0000000080003e8e (0x0000715d) c.addi16sp sp, -80
3 0x0000000080003e8e (0x715d) x 2 0x80025f10
core   0: 0x0000000080003e90 (0x0000d606) c.swsp  ra, 44(sp)
3 0x0000000080003e90 (0xd606) mem 0x80025f3c 0x8000301e
core   0: 0x0000000080003e92 (0x0000d422) c.swsp  s0, 40(sp)
3 0x0000000080003e92 (0xd422) mem 0x80025f38 0x80025f90
core   0: 0x0000000080003e94 (0x00001800) c.addi4spn s0, sp, 48
3 0x0000000080003e94 (0x1800) x 8 0x80025f40
core   0: 0x0000000080003e96 (0xfca42e23) sw      a0, -36(s0)
3 0x0000000080003e96 (0xfca42e23) mem 0x80025f1c 0x80005000
core   0: 0x0000000080003e9a (0x0000c04c) c.sw    a1, 4(s0)
3 0x0000000080003e9a (0xc04c) mem 0x80025f44 0x00000000
core   0: 0x0000000080003e9c (0x0000c410) c.sw    a2, 8(s0)
3 0x0000000080003e9c (0xc410) mem 0x80025f48 0x000000ac
core   0: 0x0000000080003e9e (0x0000c454) c.sw    a3, 12(s0)
3 0x0000000080003e9e (0xc454) mem 0x80025f4c 0x00000000
core   0: 0x0000000080003ea0 (0x0000c818) c.sw    a4, 16(s0)
3 0x0000000080003ea0 (0xc818) mem 0x80025f50 0x800060ec
core   0: 0x0000000080003ea2 (0x0000c85c) c.sw    a5, 20(s0)
3 0x0000000080003ea2 (0xc85c) mem 0x80025f54 0x00000000
core   0: 0x0000000080003ea4 (0x01042c23) sw      a6, 24(s0)
3 0x0000000080003ea4 (0x01042c23) mem 0x80025f58 0x00000000
core   0: 0x0000000080003ea8 (0x01142e23) sw      a7, 28(s0)
3 0x0000000080003ea8 (0x01142e23) mem 0x80025f5c 0x00000000
core   0: 0x0000000080003eac (0x02040793) addi    a5, s0, 32
3 0x0000000080003eac (0x02040793) x15 0x80025f60
core   0: 0x0000000080003eb0 (0xfcf42c23) sw      a5, -40(s0)
3 0x0000000080003eb0 (0xfcf42c23) mem 0x80025f18 0x80025f60
core   0: 0x0000000080003eb4 (0xfd842783) lw      a5, -40(s0)
3 0x0000000080003eb4 (0xfd842783) x15 0x80025f60 mem 0x80025f18
core   0: 0x0000000080003eb8 (0x00001791) c.addi  a5, -28
3 0x0000000080003eb8 (0x1791) x15 0x80025f44
core   0: 0x0000000080003eba (0xfef42623) sw      a5, -20(s0)
3 0x0000000080003eba (0xfef42623) mem 0x80025f2c 0x80025f44
core   0: 0x0000000080003ebe (0xfec42783) lw      a5, -20(s0)
3 0x0000000080003ebe (0xfec42783) x15 0x80025f44 mem 0x80025f2c
core   0: 0x0000000080003ec2 (0x000086be) c.mv    a3, a5
3 0x0000000080003ec2 (0x86be) x13 0x80025f44
core   0: 0x0000000080003ec4 (0xfdc42603) lw      a2, -36(s0)
3 0x0000000080003ec4 (0xfdc42603) x12 0x80005000 mem 0x80025f1c
core   0: 0x0000000080003ec8 (0x00004581) c.li    a1, 0
3 0x0000000080003ec8 (0x4581) x11 0x00000000
core   0: 0x0000000080003eca (0x00000517) auipc   a0, 0x0
3 0x0000000080003eca (0x00000517) x10 0x80003eca
core   0: 0x0000000080003ece (0x91e50513) addi    a0, a0, -1762
3 0x0000000080003ece (0x91e50513) x10 0x800037e8
core   0: 0x0000000080003ed2 (0x00003995) c.jal   pc - 908
3 0x0000000080003ed2 (0x3995) x 1 0x80003ed4
core   0: 0x0000000080003b46 (0x0000715d) c.addi16sp sp, -80
3 0x0000000080003b46 (0x715d) x 2 0x80025ec0
core   0: 0x0000000080003b48 (0x0000c686) c.swsp  ra, 76(sp)
3 0x0000000080003b48 (0xc686) mem 0x80025f0c 0x80003ed4
core   0: 0x0000000080003b4a (0x0000c4a2) c.swsp  s0, 72(sp)
3 0x0000000080003b4a (0xc4a2) mem 0x80025f08 0x80025f40
core   0: 0x0000000080003b4c (0x0000c2a6) c.swsp  s1, 68(sp)
3 0x0000000080003b4c (0xc2a6) mem 0x80025f04 0x80025fc0
core   0: 0x0000000080003b4e (0x0000c0ca) c.swsp  s2, 64(sp)
3 0x0000000080003b4e (0xc0ca) mem 0x80025f00 0x00000000
core   0: 0x0000000080003b50 (0x00000880) c.addi4spn s0, sp, 80
3 0x0000000080003b50 (0x0880) x 8 0x80025f10
core   0: 0x0000000080003b52 (0xfaa42e23) sw      a0, -68(s0)
3 0x0000000080003b52 (0xfaa42e23) mem 0x80025ecc 0x800037e8
core   0: 0x0000000080003b56 (0xfab42c23) sw      a1, -72(s0)
3 0x0000000080003b56 (0xfab42c23) mem 0x80025ec8 0x00000000
core   0: 0x0000000080003b5a (0xfac42a23) sw      a2, -76(s0)
3 0x0000000080003b5a (0xfac42a23) mem 0x80025ec4 0x80005000
core   0: 0x0000000080003b5e (0xfad42823) sw      a3, -80(s0)
3 0x0000000080003b5e (0xfad42823) mem 0x80025ec0 0x80025f44
core   0: 0x0000000080003b62 (0x0000a831) c.j     pc + 28
3 0x0000000080003b62 (0xa831)
core   0: 0x0000000080003b7e (0xfb442783) lw      a5, -76(s0)
3 0x0000000080003b7e (0xfb442783) x15 0x80005000 mem 0x80025ec4
core   0: 0x0000000080003b82 (0x0007c783) lbu     a5, 0(a5)
3 0x0000000080003b82 (0x0007c783) x15 0x00000025 mem 0x80005000
core   0: 0x0000000080003b86 (0x000084be) c.mv    s1, a5
3 0x0000000080003b86 (0x84be) x 9 0x00000025
core   0: 0x0000000080003b88 (0x02500793) li      a5, 37
3 0x0000000080003b88 (0x02500793) x15 0x00000025
core   0: 0x0000000080003b8c (0xfcf49ce3) bne     s1, a5, pc - 40
3 0x0000000080003b8c (0xfcf49ce3)
core   0: 0x0000000080003b90 (0xfb442783) lw      a5, -76(s0)
3 0x0000000080003b90 (0xfb442783) x15 0x80005000 mem 0x80025ec4
core   0: 0x0000000080003b94 (0x00000785) c.addi  a5, 1
3 0x0000000080003b94 (0x0785) x15 0x80005001
core   0: 0x0000000080003b96 (0xfaf42a23) sw      a5, -76(s0)
3 0x0000000080003b96 (0xfaf42a23) mem 0x80025ec4 0x80005001
core   0: 0x0000000080003b9a (0xfb442783) lw      a5, -76(s0)
3 0x0000000080003b9a (0xfb442783) x15 0x80005001 mem 0x80025ec4
core   0: 0x0000000080003b9e (0xfcf42823) sw      a5, -48(s0)
3 0x0000000080003b9e (0xfcf42823) mem 0x80025ee0 0x80005001
core   0: 0x0000000080003ba2 (0x02000793) li      a5, 32
3 0x0000000080003ba2 (0x02000793) x15 0x00000020
core   0: 0x0000000080003ba6 (0xfcf40ba3) sb      a5, -41(s0)
3 0x0000000080003ba6 (0xfcf40ba3) mem 0x80025ee7 0x00000020
core   0: 0x0000000080003baa (0x000057fd) c.li    a5, -1
3 0x0000000080003baa (0x57fd) x15 0xffffffff
core   0: 0x0000000080003bac (0xfcf42e23) sw      a5, -36(s0)
3 0x0000000080003bac (0xfcf42e23) mem 0x80025eec 0xffffffff
core   0: 0x0000000080003bb0 (0x000057fd) c.li    a5, -1
3 0x0000000080003bb0 (0x57fd) x15 0xffffffff
core   0: 0x0000000080003bb2 (0xfcf42c23) sw      a5, -40(s0)
3 0x0000000080003bb2 (0xfcf42c23) mem 0x80025ee8 0xffffffff
core   0: 0x0000000080003bb6 (0xfe042023) sw      zero, -32(s0)
3 0x0000000080003bb6 (0xfe042023) mem 0x80025ef0 0x00000000
core   0: 0x0000000080003bba (0xfc042623) sw      zero, -52(s0)
3 0x0000000080003bba (0xfc042623) mem 0x80025edc 0x00000000
core   0: 0x0000000080003bbe (0xfb442783) lw      a5, -76(s0)
3 0x0000000080003bbe (0xfb442783) x15 0x80005001 mem 0x80025ec4
core   0: 0x0000000080003bc2 (0x00178713) addi    a4, a5, 1
3 0x0000000080003bc2 (0x00178713) x14 0x80005002
core   0: 0x0000000080003bc6 (0xfae42a23) sw      a4, -76(s0)
3 0x0000000080003bc6 (0xfae42a23) mem 0x80025ec4 0x80005002
core   0: 0x0000000080003bca (0x0007c783) lbu     a5, 0(a5)
3 0x0000000080003bca (0x0007c783) x15 0x00000064 mem 0x80005001
core   0: 0x0000000080003bce (0x000084be) c.mv    s1, a5
3 0x0000000080003bce (0x84be) x 9 0x00000064
core   0: 0x0000000080003bd0 (0xfdd48793) addi    a5, s1, -35
3 0x0000000080003bd0 (0xfdd48793) x15 0x00000041
core   0: 0x0000000080003bd4 (0x05500713) li      a4, 85
3 0x0000000080003bd4 (0x05500713) x14 0x00000055
core   0: 0x0000000080003bd8 (0x28f76763) bltu    a4, a5, pc + 654
3 0x0000000080003bd8 (0x28f76763)
core   0: 0x0000000080003bdc (0x00279713) slli    a4, a5, 2
3 0x0000000080003bdc (0x00279713) x14 0x00000104
core   0: 0x0000000080003be0 (0x00001797) auipc   a5, 0x1
3 0x0000000080003be0 (0x00001797) x15 0x80004be0
core   0: 0x0000000080003be4 (0x47478793) addi    a5, a5, 1140
3 0x0000000080003be4 (0x47478793) x15 0x80005054
core   0: 0x0000000080003be8 (0x000097ba) c.add   a5, a4
3 0x0000000080003be8 (0x97ba) x15 0x80005158
core   0: 0x0000000080003bea (0x00004398) c.lw    a4, 0(a5)
3 0x0000000080003bea (0x4398) x14 0xffffed30 mem 0x80005158
core   0: 0x0000000080003bec (0x00001797) auipc   a5, 0x1
3 0x0000000080003bec (0x00001797) x15 0x80004bec
core   0: 0x0000000080003bf0 (0x46878793) addi    a5, a5, 1128
3 0x0000000080003bf0 (0x46878793) x15 0x80005054
core   0: 0x0000000080003bf4 (0x000097ba) c.add   a5, a4
3 0x0000000080003bf4 (0x97ba) x15 0x80003d84
core   0: 0x0000000080003bf6 (0x00008782) c.jr    a5
3 0x0000000080003bf6 (0x8782)
core   0: 0x0000000080003d84 (0xfb040793) addi    a5, s0, -80
3 0x0000000080003d84 (0xfb040793) x15 0x80025ec0
core   0: 0x0000000080003d88 (0xfe042583) lw      a1, -32(s0)
3 0x0000000080003d88 (0xfe042583) x11 0x00000000 mem 0x80025ef0
core   0: 0x0000000080003d8c (0x0000853e) c.mv    a0, a5
3 0x0000000080003d8c (0x853e) x10 0x80025ec0
core   0: 0x0000000080003d8e (0x00003391) c.jal   pc - 700
3 0x0000000080003d8e (0x3391) x 1 0x80003d90
core   0: 0x0000000080003ad2 (0x00001101) c.addi  sp, -32
3 0x0000000080003ad2 (0x1101) x 2 0x80025ea0
core   0: 0x0000000080003ad4 (0x0000ce22) c.swsp  s0, 28(sp)
3 0x0000000080003ad4 (0xce22) mem 0x80025ebc 0x80025f10
core   0: 0x0000000080003ad6 (0x00001000) c.addi4spn s0, sp, 32
3 0x0000000080003ad6 (0x1000) x 8 0x80025ec0
core   0: 0x0000000080003ad8 (0xfea42623) sw      a0, -20(s0)
3 0x0000000080003ad8 (0xfea42623) mem 0x80025eac 0x80025ec0
core   0: 0x0000000080003adc (0xfeb42423) sw      a1, -24(s0)
3 0x0000000080003adc (0xfeb42423) mem 0x80025ea8 0x00000000
core   0: 0x0000000080003ae0 (0xfe842603) lw      a2, -24(s0)
3 0x0000000080003ae0 (0xfe842603) x12 0x00000000 mem 0x80025ea8
core   0: 0x0000000080003ae4 (0x00004685) c.li    a3, 1
3 0x0000000080003ae4 (0x4685) x13 0x00000001
core   0: 0x0000000080003ae6 (0x00c6df63) bge     a3, a2, pc + 30
3 0x0000000080003ae6 (0x00c6df63)
core   0: 0x0000000080003b04 (0xfe842683) lw      a3, -24(s0)
3 0x0000000080003b04 (0xfe842683) x13 0x00000000 mem 0x80025ea8
core   0: 0x0000000080003b08 (0x0000ce91) c.beqz  a3, pc + 28
3 0x0000000080003b08 (0xce91)
core   0: 0x0000000080003b24 (0xfec42683) lw      a3, -20(s0)
3 0x0000000080003b24 (0xfec42683) x13 0x80025ec0 mem 0x80025eac
core   0: 0x0000000080003b28 (0x00004294) c.lw    a3, 0(a3)
3 0x0000000080003b28 (0x4294) x13 0x80025f44 mem 0x80025ec0
core   0: 0x0000000080003b2a (0x00468593) addi    a1, a3, 4
3 0x0000000080003b2a (0x00468593) x11 0x80025f48
core   0: 0x0000000080003b2e (0xfec42603) lw      a2, -20(s0)
3 0x0000000080003b2e (0xfec42603) x12 0x80025ec0 mem 0x80025eac
core   0: 0x0000000080003b32 (0x0000c20c) c.sw    a1, 0(a2)
3 0x0000000080003b32 (0xc20c) mem 0x80025ec0 0x80025f48
core   0: 0x0000000080003b34 (0x00004294) c.lw    a3, 0(a3)
3 0x0000000080003b34 (0x4294) x13 0x00000000 mem 0x80025f44
core   0: 0x0000000080003b36 (0x00008736) c.mv    a4, a3
3 0x0000000080003b36 (0x8736) x14 0x00000000
core   0: 0x0000000080003b38 (0x000086fd) c.srai  a3, 31
3 0x0000000080003b38 (0x86fd) x13 0x00000000
core   0: 0x0000000080003b3a (0x000087b6) c.mv    a5, a3
3 0x0000000080003b3a (0x87b6) x15 0x00000000
core   0: 0x0000000080003b3c (0x0000853a) c.mv    a0, a4
3 0x0000000080003b3c (0x853a) x10 0x00000000
core   0: 0x0000000080003b3e (0x000085be) c.mv    a1, a5
3 0x0000000080003b3e (0x85be) x11 0x00000000
core   0: 0x0000000080003b40 (0x00004472) c.lwsp  s0, 28(sp)
3 0x0000000080003b40 (0x4472) x 8 0x80025f10 mem 0x80025ebc
core   0: 0x0000000080003b42 (0x00006105) c.addi16sp sp, 32
3 0x0000000080003b42 (0x6105) x 2 0x80025ec0
core   0: 0x0000000080003b44 (0x00008082) ret
3 0x0000000080003b44 (0x8082)
core   0: 0x0000000080003d90 (0x0000872a) c.mv    a4, a0
3 0x0000000080003d90 (0x872a) x14 0x00000000
core   0: 0x0000000080003d92 (0x000087ae) c.mv    a5, a1
3 0x0000000080003d92 (0x87ae) x15 0x00000000
core   0: 0x0000000080003d94 (0xfee42423) sw      a4, -24(s0)
3 0x0000000080003d94 (0xfee42423) mem 0x80025ef8 0x00000000
core   0: 0x0000000080003d98 (0xfef42623) sw      a5, -20(s0)
3 0x0000000080003d98 (0xfef42623) mem 0x80025efc 0x00000000
core   0: 0x0000000080003d9c (0xfe842703) lw      a4, -24(s0)
3 0x0000000080003d9c (0xfe842703) x14 0x00000000 mem 0x80025ef8
core   0: 0x0000000080003da0 (0xfec42783) lw      a5, -20(s0)
3 0x0000000080003da0 (0xfec42783) x15 0x00000000 mem 0x80025efc
core   0: 0x0000000080003da4 (0x0207df63) bge     a5, zero, pc + 62
3 0x0000000080003da4 (0x0207df63)
core   0: 0x0000000080003de2 (0x000047a9) c.li    a5, 10
3 0x0000000080003de2 (0x47a9) x15 0x0000000a
core   0: 0x0000000080003de4 (0xfef42223) sw      a5, -28(s0)
3 0x0000000080003de4 (0xfef42223) mem 0x80025ef4 0x0000000a
core   0: 0x0000000080003de8 (0x0000a0b9) c.j     pc + 78
3 0x0000000080003de8 (0xa0b9)
core   0: 0x0000000080003e36 (0xfe442703) lw      a4, -28(s0)
3 0x0000000080003e36 (0xfe442703) x14 0x0000000a mem 0x80025ef4
core   0: 0x0000000080003e3a (0xfd744783) lbu     a5, -41(s0)
3 0x0000000080003e3a (0xfd744783) x15 0x00000020 mem 0x80025ee7
core   0: 0x0000000080003e3e (0x0000883e) c.mv    a6, a5
3 0x0000000080003e3e (0x883e) x16 0x00000020
core   0: 0x0000000080003e40 (0xfdc42783) lw      a5, -36(s0)
3 0x0000000080003e40 (0xfdc42783) x15 0xffffffff mem 0x80025eec
core   0: 0x0000000080003e44 (0xfe842603) lw      a2, -24(s0)
3 0x0000000080003e44 (0xfe842603) x12 0x00000000 mem 0x80025ef8
core   0: 0x0000000080003e48 (0xfec42683) lw      a3, -20(s0)
3 0x0000000080003e48 (0xfec42683) x13 0x00000000 mem 0x80025efc
core   0: 0x0000000080003e4c (0xfb842583) lw      a1, -72(s0)
3 0x0000000080003e4c (0xfb842583) x11 0x00000000 mem 0x80025ec8
core   0: 0x0000000080003e50 (0xfbc42503) lw      a0, -68(s0)
3 0x0000000080003e50 (0xfbc42503) x10 0x800037e8 mem 0x80025ecc
core   0: 0x0000000080003e54 (0x0000345d) c.jal   pc - 1370
3 0x0000000080003e54 (0x345d) x 1 0x80003e56
core   0: 0x00000000800038fa (0x0000714d) c.addi16sp sp, -336
3 0x00000000800038fa (0x714d) x 2 0x80025d70
core   0: 0x00000000800038fc (0x14112623) sw      ra, 332(sp)
3 0x00000000800038fc (0x14112623) mem 0x80025ebc 0x80003e56
core   0: 0x0000000080003900 (0x14812423) sw      s0, 328(sp)
3 0x0000000080003900 (0x14812423) mem 0x80025eb8 0x80025f10
core   0: 0x0000000080003904 (0x15212223) sw      s2, 324(sp)
3 0x0000000080003904 (0x15212223) mem 0x80025eb4 0x00000000
core   0: 0x0000000080003908 (0x15312023) sw      s3, 320(sp)
3 0x0000000080003908 (0x15312023) mem 0x80025eb0 0x00000000
core   0: 0x000000008000390c (0x13412e23) sw      s4, 316(sp)
3 0x000000008000390c (0x13412e23) mem 0x80025eac 0x00000000
core   0: 0x0000000080003910 (0x13512c23) sw      s5, 312(sp)
3 0x0000000080003910 (0x13512c23) mem 0x80025ea8 0x00000000
core   0: 0x0000000080003914 (0x13612a23) sw      s6, 308(sp)
3 0x0000000080003914 (0x13612a23) mem 0x80025ea4 0x00000000
core   0: 0x0000000080003918 (0x13712823) sw      s7, 304(sp)
3 0x0000000080003918 (0x13712823) mem 0x80025ea0 0x00000000
core   0: 0x000000008000391c (0x00000a80) c.addi4spn s0, sp, 336
3 0x000000008000391c (0x0a80) x 8 0x80025ec0
core   0: 0x000000008000391e (0xeca42623) sw      a0, -308(s0)
3 0x000000008000391e (0xeca42623) mem 0x80025d8c 0x800037e8
core   0: 0x0000000080003922 (0xecb42423) sw      a1, -312(s0)
3 0x0000000080003922 (0xecb42423) mem 0x80025d88 0x00000000
core   0: 0x0000000080003926 (0xecc42023) sw      a2, -320(s0)
3 0x0000000080003926 (0xecc42023) mem 0x80025d80 0x00000000
core   0: 0x000000008000392a (0xecd42223) sw      a3, -316(s0)
3 0x000000008000392a (0xecd42223) mem 0x80025d84 0x00000000
core   0: 0x000000008000392e (0xeae42e23) sw      a4, -324(s0)
3 0x000000008000392e (0xeae42e23) mem 0x80025d7c 0x0000000a
core   0: 0x0000000080003932 (0xeaf42c23) sw      a5, -328(s0)
3 0x0000000080003932 (0xeaf42c23) mem 0x80025d78 0xffffffff
core   0: 0x0000000080003936 (0xeb042a23) sw      a6, -332(s0)
3 0x0000000080003936 (0xeb042a23) mem 0x80025d74 0x00000020
core   0: 0x000000008000393a (0xfc042e23) sw      zero, -36(s0)
3 0x000000008000393a (0xfc042e23) mem 0x80025e9c 0x00000000
core   0: 0x000000008000393e (0xebc42783) lw      a5, -324(s0)
3 0x000000008000393e (0xebc42783) x15 0x0000000a mem 0x80025d7c
core   0: 0x0000000080003942 (0x00008b3e) c.mv    s6, a5
3 0x0000000080003942 (0x8b3e) x22 0x0000000a
core   0: 0x0000000080003944 (0x00004b81) c.li    s7, 0
3 0x0000000080003944 (0x4b81) x23 0x00000000
core   0: 0x0000000080003946 (0xec042703) lw      a4, -320(s0)
3 0x0000000080003946 (0xec042703) x14 0x00000000 mem 0x80025d80
core   0: 0x000000008000394a (0xec442783) lw      a5, -316(s0)
3 0x000000008000394a (0xec442783) x15 0x00000000 mem 0x80025d84
core   0: 0x000000008000394e (0x0000865a) c.mv    a2, s6
3 0x000000008000394e (0x865a) x12 0x0000000a
core   0: 0x0000000080003950 (0x000086de) c.mv    a3, s7
3 0x0000000080003950 (0x86de) x13 0x00000000
core   0: 0x0000000080003952 (0x0000853a) c.mv    a0, a4
3 0x0000000080003952 (0x853a) x10 0x00000000
core   0: 0x0000000080003954 (0x000085be) c.mv    a1, a5
3 0x0000000080003954 (0x85be) x11 0x00000000
core   0: 0x0000000080003956 (0x531000ef) jal     pc + 0xd30
3 0x0000000080003956 (0x531000ef) x 1 0x8000395a
core   0: 0x0000000080004686 (0x00008832) c.mv    a6, a2
3 0x0000000080004686 (0x8832) x16 0x0000000a
core   0: 0x0000000080004688 (0x000088aa) c.mv    a7, a0
3 0x0000000080004688 (0x88aa) x17 0x00000000
core   0: 0x000000008000468a (0x0000832e) c.mv    t1, a1
3 0x000000008000468a (0x832e) x 6 0x00000000
core   0: 0x000000008000468c (0x0000872e) c.mv    a4, a1
3 0x000000008000468c (0x872e) x14 0x00000000
core   0: 0x000000008000468e (0x0000e6cd) c.bnez  a3, pc + 170
3 0x000000008000468e (0xe6cd)
core   0: 0x0000000080004690 (0x0ec5ff63) bgeu    a1, a2, pc + 254
3 0x0000000080004690 (0x0ec5ff63)
core   0: 0x0000000080004694 (0x000067c1) c.lui   a5, 0x10
3 0x0000000080004694 (0x67c1) x15 0x00010000
core   0: 0x0000000080004696 (0x18f66263) bltu    a2, a5, pc + 388
3 0x0000000080004696 (0x18f66263)
core   0: 0x000000008000481a (0x10063693) sltiu   a3, a2, 256
3 0x000000008000481a (0x10063693) x13 0x00000001
core   0: 0x000000008000481e (0x0016b693) seqz    a3, a3
3 0x000000008000481e (0x0016b693) x13 0x00000000
core   0: 0x0000000080004822 (0x0000068e) c.slli  a3, 3
3 0x0000000080004822 (0x068e) x13 0x00000000
core   0: 0x0000000080004824 (0x0000b549) c.j     pc - 382
3 0x0000000080004824 (0xb549)
core   0: 0x00000000800046a6 (0x800057b7) lui     a5, 0x80005
3 0x00000000800046a6 (0x800057b7) x15 0x80005000
core   0: 0x00000000800046aa (0x00d65333) srl     t1, a2, a3
3 0x00000000800046aa (0x00d65333) x 6 0x0000000a
core   0: 0x00000000800046ae (0x1ac78793) addi    a5, a5, 428
3 0x00000000800046ae (0x1ac78793) x15 0x800051ac
core   0: 0x00000000800046b2 (0x0000979a) c.add   a5, t1
3 0x00000000800046b2 (0x979a) x15 0x800051b6
core   0: 0x00000000800046b4 (0x0007c783) lbu     a5, 0(a5)
3 0x00000000800046b4 (0x0007c783) x15 0x00000004 mem 0x800051b6
core   0: 0x00000000800046b8 (0x02000313) li      t1, 32
3 0x00000000800046b8 (0x02000313) x 6 0x00000020
core   0: 0x00000000800046bc (0x000097b6) c.add   a5, a3
3 0x00000000800046bc (0x97b6) x15 0x00000004
core   0: 0x00000000800046be (0x40f306b3) sub     a3, t1, a5
3 0x00000000800046be (0x40f306b3) x13 0x0000001c
core   0: 0x00000000800046c2 (0x00f30b63) beq     t1, a5, pc + 22
3 0x00000000800046c2 (0x00f30b63)
core   0: 0x00000000800046c6 (0x00d59733) sll     a4, a1, a3
3 0x00000000800046c6 (0x00d59733) x14 0x00000000
core   0: 0x00000000800046ca (0x00f557b3) srl     a5, a0, a5
3 0x00000000800046ca (0x00f557b3) x15 0x00000000
core   0: 0x00000000800046ce (0x00d61833) sll     a6, a2, a3
3 0x00000000800046ce (0x00d61833) x16 0xa0000000
core   0: 0x00000000800046d2 (0x00008f5d) c.or    a4, a5
3 0x00000000800046d2 (0x8f5d) x14 0x00000000
core   0: 0x00000000800046d4 (0x00d518b3) sll     a7, a0, a3
3 0x00000000800046d4 (0x00d518b3) x17 0x00000000
core   0: 0x00000000800046d8 (0x01085593) srli    a1, a6, 16
3 0x00000000800046d8 (0x01085593) x11 0x0000a000
core   0: 0x00000000800046dc (0x02b75633) divu    a2, a4, a1
3 0x00000000800046dc (0x02b75633) x12 0x00000000
core   0: 0x00000000800046e0 (0x01081313) slli    t1, a6, 16
3 0x00000000800046e0 (0x01081313) x 6 0x00000000
core   0: 0x00000000800046e4 (0x01035313) srli    t1, t1, 16
3 0x00000000800046e4 (0x01035313) x 6 0x00000000
core   0: 0x00000000800046e8 (0x0108d793) srli    a5, a7, 16
3 0x00000000800046e8 (0x0108d793) x15 0x00000000
core   0: 0x00000000800046ec (0x02b77733) remu    a4, a4, a1
3 0x00000000800046ec (0x02b77733) x14 0x00000000
core   0: 0x00000000800046f0 (0x02660633) mul     a2, a2, t1
3 0x00000000800046f0 (0x02660633) x12 0x00000000
core   0: 0x00000000800046f4 (0x00000742) c.slli  a4, 16
3 0x00000000800046f4 (0x0742) x14 0x00000000
core   0: 0x00000000800046f6 (0x00008fd9) c.or    a5, a4
3 0x00000000800046f6 (0x8fd9) x15 0x00000000
core   0: 0x00000000800046f8 (0x00c7f763) bgeu    a5, a2, pc + 14
3 0x00000000800046f8 (0x00c7f763)
core   0: 0x0000000080004706 (0x00008f91) c.sub   a5, a2
3 0x0000000080004706 (0x8f91) x15 0x00000000
core   0: 0x0000000080004708 (0x02b7d733) divu    a4, a5, a1
3 0x0000000080004708 (0x02b7d733) x14 0x00000000
core   0: 0x000000008000470c (0x01089513) slli    a0, a7, 16
3 0x000000008000470c (0x01089513) x10 0x00000000
core   0: 0x0000000080004710 (0x00008141) c.srli  a0, 16
3 0x0000000080004710 (0x8141) x10 0x00000000
core   0: 0x0000000080004712 (0x02b7f7b3) remu    a5, a5, a1
3 0x0000000080004712 (0x02b7f7b3) x15 0x00000000
core   0: 0x0000000080004716 (0x02670733) mul     a4, a4, t1
3 0x0000000080004716 (0x02670733) x14 0x00000000
core   0: 0x000000008000471a (0x000007c2) c.slli  a5, 16
3 0x000000008000471a (0x07c2) x15 0x00000000
core   0: 0x000000008000471c (0x00008d5d) c.or    a0, a5
3 0x000000008000471c (0x8d5d) x10 0x00000000
core   0: 0x000000008000471e (0x00e57863) bgeu    a0, a4, pc + 16
3 0x000000008000471e (0x00e57863)
core   0: 0x000000008000472e (0x00008d19) c.sub   a0, a4
3 0x000000008000472e (0x8d19) x10 0x00000000
core   0: 0x0000000080004730 (0x00d55533) srl     a0, a0, a3
3 0x0000000080004730 (0x00d55533) x10 0x00000000
core   0: 0x0000000080004734 (0x00004581) c.li    a1, 0
3 0x0000000080004734 (0x4581) x11 0x00000000
core   0: 0x0000000080004736 (0x00008082) ret
3 0x0000000080004736 (0x8082)
core   0: 0x000000008000395a (0x0000872a) c.mv    a4, a0
3 0x000000008000395a (0x872a) x14 0x00000000
core   0: 0x000000008000395c (0x000087ae) c.mv    a5, a1
3 0x000000008000395c (0x87ae) x15 0x00000000
core   0: 0x000000008000395e (0x0000863a) c.mv    a2, a4
3 0x000000008000395e (0x863a) x12 0x00000000
core   0: 0x0000000080003960 (0x000086be) c.mv    a3, a5
3 0x0000000080003960 (0x86be) x13 0x00000000
core   0: 0x0000000080003962 (0xfdc42783) lw      a5, -36(s0)
3 0x0000000080003962 (0xfdc42783) x15 0x00000000 mem 0x80025e9c
core   0: 0x0000000080003966 (0x00178713) addi    a4, a5, 1
3 0x0000000080003966 (0x00178713) x14 0x00000001
core   0: 0x000000008000396a (0xfce42e23) sw      a4, -36(s0)
3 0x000000008000396a (0xfce42e23) mem 0x80025e9c 0x00000001
core   0: 0x000000008000396e (0x00008732) c.mv    a4, a2
3 0x000000008000396e (0x8732) x14 0x00000000
core   0: 0x0000000080003970 (0x0000078a) c.slli  a5, 2
3 0x0000000080003970 (0x078a) x15 0x00000000
core   0: 0x0000000080003972 (0x00001781) c.addi  a5, -32
3 0x0000000080003972 (0x1781) x15 0xffffffe0
core   0: 0x0000000080003974 (0x000097a2) c.add   a5, s0
3 0x0000000080003974 (0x97a2) x15 0x80025ea0
core   0: 0x0000000080003976 (0xeee7ae23) sw      a4, -260(a5)
3 0x0000000080003976 (0xeee7ae23) mem 0x80025d9c 0x00000000
core   0: 0x000000008000397a (0xebc42783) lw      a5, -324(s0)
3 0x000000008000397a (0xebc42783) x15 0x0000000a mem 0x80025d7c
core   0: 0x000000008000397e (0x0000893e) c.mv    s2, a5
3 0x000000008000397e (0x893e) x18 0x0000000a
core   0: 0x0000000080003980 (0x00004981) c.li    s3, 0
3 0x0000000080003980 (0x4981) x19 0x00000000
core   0: 0x0000000080003982 (0xec442783) lw      a5, -316(s0)
3 0x0000000080003982 (0xec442783) x15 0x00000000 mem 0x80025d84
core   0: 0x0000000080003986 (0x0000874e) c.mv    a4, s3
3 0x0000000080003986 (0x874e) x14 0x00000000
core   0: 0x0000000080003988 (0x02e7ef63) bltu    a5, a4, pc + 62
3 0x0000000080003988 (0x02e7ef63)
core   0: 0x000000008000398c (0xec442783) lw      a5, -316(s0)
3 0x000000008000398c (0xec442783) x15 0x00000000 mem 0x80025d84
core   0: 0x0000000080003990 (0x0000874e) c.mv    a4, s3
3 0x0000000080003990 (0x874e) x14 0x00000000
core   0: 0x0000000080003992 (0x00e79763) bne     a5, a4, pc + 14
3 0x0000000080003992 (0x00e79763)
core   0: 0x0000000080003996 (0xec042783) lw      a5, -320(s0)
3 0x0000000080003996 (0xec042783) x15 0x00000000 mem 0x80025d80
core   0: 0x000000008000399a (0x0000874a) c.mv    a4, s2
3 0x000000008000399a (0x874a) x14 0x0000000a
core   0: 0x000000008000399c (0x02e7e563) bltu    a5, a4, pc + 42
3 0x000000008000399c (0x02e7e563)
core   0: 0x00000000800039c6 (0x00000001) c.nop
3 0x00000000800039c6 (0x0001)
core   0: 0x00000000800039c8 (0x0000a801) c.j     pc + 16
3 0x00000000800039c8 (0xa801)
core   0: 0x00000000800039d8 (0xeb842783) lw      a5, -328(s0)
3 0x00000000800039d8 (0xeb842783) x15 0xffffffff mem 0x80025d78
core   0: 0x00000000800039dc (0xfff78713) addi    a4, a5, -1
3 0x00000000800039dc (0xfff78713) x14 0xfffffffe
core   0: 0x00000000800039e0 (0xeae42c23) sw      a4, -328(s0)
3 0x00000000800039e0 (0xeae42c23) mem 0x80025d78 0xfffffffe
core   0: 0x00000000800039e4 (0xfdc42703) lw      a4, -36(s0)
3 0x00000000800039e4 (0xfdc42703) x14 0x00000001 mem 0x80025e9c
core   0: 0x00000000800039e8 (0xfef741e3) blt     a4, a5, pc - 30
3 0x00000000800039e8 (0xfef741e3)
core   0: 0x00000000800039ec (0x0000a83d) c.j     pc + 62
3 0x00000000800039ec (0xa83d)
core   0: 0x0000000080003a2a (0xfdc42783) lw      a5, -36(s0)
3 0x0000000080003a2a (0xfdc42783) x15 0x00000001 mem 0x80025e9c
core   0: 0x0000000080003a2e (0xfff78713) addi    a4, a5, -1
3 0x0000000080003a2e (0xfff78713) x14 0x00000000
core   0: 0x0000000080003a32 (0xfce42e23) sw      a4, -36(s0)
3 0x0000000080003a32 (0xfce42e23) mem 0x80025e9c 0x00000000
core   0: 0x0000000080003a36 (0xfaf04ce3) blt     zero, a5, pc - 72
3 0x0000000080003a36 (0xfaf04ce3)
core   0: 0x00000000800039ee (0xfdc42783) lw      a5, -36(s0)
3 0x00000000800039ee (0xfdc42783) x15 0x00000000 mem 0x80025e9c
core   0: 0x00000000800039f2 (0x0000078a) c.slli  a5, 2
3 0x00000000800039f2 (0x078a) x15 0x00000000
core   0: 0x00000000800039f4 (0x00001781) c.addi  a5, -32
3 0x00000000800039f4 (0x1781) x15 0xffffffe0
core   0: 0x00000000800039f6 (0x000097a2) c.add   a5, s0
3 0x00000000800039f6 (0x97a2) x15 0x80025ea0
core   0: 0x00000000800039f8 (0xefc7a703) lw      a4, -260(a5)
3 0x00000000800039f8 (0xefc7a703) x14 0x00000000 mem 0x80025d9c
core   0: 0x00000000800039fc (0xfdc42783) lw      a5, -36(s0)
3 0x00000000800039fc (0xfdc42783) x15 0x00000000 mem 0x80025e9c
core   0: 0x0000000080003a00 (0x0000078a) c.slli  a5, 2
3 0x0000000080003a00 (0x078a) x15 0x00000000
core   0: 0x0000000080003a02 (0x00001781) c.addi  a5, -32
3 0x0000000080003a02 (0x1781) x15 0xffffffe0
core   0: 0x0000000080003a04 (0x000097a2) c.add   a5, s0
3 0x0000000080003a04 (0x97a2) x15 0x80025ea0
core   0: 0x0000000080003a06 (0xefc7a683) lw      a3, -260(a5)
3 0x0000000080003a06 (0xefc7a683) x13 0x00000000 mem 0x80025d9c
core   0: 0x0000000080003a0a (0x000047a5) c.li    a5, 9
3 0x0000000080003a0a (0x47a5) x15 0x00000009
core   0: 0x0000000080003a0c (0x00d7f563) bgeu    a5, a3, pc + 10
3 0x0000000080003a0c (0x00d7f563)
core   0: 0x0000000080003a16 (0x03000793) li      a5, 48
3 0x0000000080003a16 (0x03000793) x15 0x00000030
core   0: 0x0000000080003a1a (0x000097ba) c.add   a5, a4
3 0x0000000080003a1a (0x97ba) x15 0x00000030
core   0: 0x0000000080003a1c (0x0000873e) c.mv    a4, a5
3 0x0000000080003a1c (0x873e) x14 0x00000030
core   0: 0x0000000080003a1e (0xecc42783) lw      a5, -308(s0)
3 0x0000000080003a1e (0xecc42783) x15 0x800037e8 mem 0x80025d8c
core   0: 0x0000000080003a22 (0xec842583) lw      a1, -312(s0)
3 0x0000000080003a22 (0xec842583) x11 0x00000000 mem 0x80025d88
core   0: 0x0000000080003a26 (0x0000853a) c.mv    a0, a4
3 0x0000000080003a26 (0x853a) x10 0x00000030
core   0: 0x0000000080003a28 (0x00009782) c.jalr  a5
3 0x0000000080003a28 (0x9782) x 1 0x80003a2a
core   0: 0x00000000800037e8 (0x00001101) c.addi  sp, -32
3 0x00000000800037e8 (0x1101) x 2 0x80025d50
core   0: 0x00000000800037ea (0x0000ce06) c.swsp  ra, 28(sp)
3 0x00000000800037ea (0xce06) mem 0x80025d6c 0x80003a2a
core   0: 0x00000000800037ec (0x0000cc22) c.swsp  s0, 24(sp)
3 0x00000000800037ec (0xcc22) mem 0x80025d68 0x80025ec0
core   0: 0x00000000800037ee (0x00001000) c.addi4spn s0, sp, 32
3 0x00000000800037ee (0x1000) x 8 0x80025d70
core   0: 0x00000000800037f0 (0xfea42623) sw      a0, -20(s0)
3 0x00000000800037f0 (0xfea42623) mem 0x80025d5c 0x00000030
core   0: 0x00000000800037f4 (0x08022783) lw      a5, 128(tp)
3 0x00000000800037f4 (0x08022783) x15 0x00000000 mem 0x800060c0
core   0: 0x00000000800037f8 (0x00178693) addi    a3, a5, 1
3 0x00000000800037f8 (0x00178693) x13 0x00000001
core   0: 0x00000000800037fc (0x08d22023) sw      a3, 128(tp)
3 0x00000000800037fc (0x08d22023) mem 0x800060c0 0x00000001
core   0: 0x0000000080003800 (0xfec42703) lw      a4, -20(s0)
3 0x0000000080003800 (0xfec42703) x14 0x00000030 mem 0x80025d5c
core   0: 0x0000000080003804 (0x0ff77713) andi    a4, a4, 255
3 0x0000000080003804 (0x0ff77713) x14 0x00000030
core   0: 0x0000000080003808 (0x04020693) addi    a3, tp, 64
3 0x0000000080003808 (0x04020693) x13 0x80006080
core   0: 0x000000008000380c (0x000097b6) c.add   a5, a3
3 0x000000008000380c (0x97b6) x15 0x80006080
core   0: 0x000000008000380e (0x00e78023) sb      a4, 0(a5)
3 0x000000008000380e (0x00e78023) mem 0x80006080 0x00000030
core   0: 0x0000000080003812 (0xfec42703) lw      a4, -20(s0)
3 0x0000000080003812 (0xfec42703) x14 0x00000030 mem 0x80025d5c
core   0: 0x0000000080003816 (0x000047a9) c.li    a5, 10
3 0x0000000080003816 (0x47a9) x15 0x0000000a
core   0: 0x0000000080003818 (0x00f70863) beq     a4, a5, pc + 16
3 0x0000000080003818 (0x00f70863)
core   0: 0x000000008000381c (0x08022703) lw      a4, 128(tp)
3 0x000000008000381c (0x08022703) x14 0x00000001 mem 0x800060c0
core   0: 0x0000000080003820 (0x04000793) li      a5, 64
3 0x0000000080003820 (0x04000793) x15 0x00000040
core   0: 0x0000000080003824 (0x00f71e63) bne     a4, a5, pc + 28
3 0x0000000080003824 (0x00f71e63)
core   0: 0x0000000080003840 (0x00004781) c.li    a5, 0
3 0x0000000080003840 (0x4781) x15 0x00000000
core   0: 0x0000000080003842 (0x0000853e) c.mv    a0, a5
3 0x0000000080003842 (0x853e) x10 0x00000000
core   0: 0x0000000080003844 (0x000040f2) c.lwsp  ra, 28(sp)
3 0x0000000080003844 (0x40f2) x 1 0x80003a2a mem 0x80025d6c
core   0: 0x0000000080003846 (0x00004462) c.lwsp  s0, 24(sp)
3 0x0000000080003846 (0x4462) x 8 0x80025ec0 mem 0x80025d68
core   0: 0x0000000080003848 (0x00006105) c.addi16sp sp, 32
3 0x0000000080003848 (0x6105) x 2 0x80025d70
core   0: 0x000000008000384a (0x00008082) ret
3 0x000000008000384a (0x8082)
core   0: 0x0000000080003a2a (0xfdc42783) lw      a5, -36(s0)
3 0x0000000080003a2a (0xfdc42783) x15 0x00000000 mem 0x80025e9c
core   0: 0x0000000080003a2e (0xfff78713) addi    a4, a5, -1
3 0x0000000080003a2e (0xfff78713) x14 0xffffffff
core   0: 0x0000000080003a32 (0xfce42e23) sw      a4, -36(s0)
3 0x0000000080003a32 (0xfce42e23) mem 0x80025e9c 0xffffffff
core   0: 0x0000000080003a36 (0xfaf04ce3) blt     zero, a5, pc - 72
3 0x0000000080003a36 (0xfaf04ce3)
core   0: 0x0000000080003a3a (0x00000001) c.nop
3 0x0000000080003a3a (0x0001)
core   0: 0x0000000080003a3c (0x00000001) c.nop
3 0x0000000080003a3c (0x0001)
core   0: 0x0000000080003a3e (0x14c12083) lw      ra, 332(sp)
3 0x0000000080003a3e (0x14c12083) x 1 0x80003e56 mem 0x80025ebc
core   0: 0x0000000080003a42 (0x14812403) lw      s0, 328(sp)
3 0x0000000080003a42 (0x14812403) x 8 0x80025f10 mem 0x80025eb8
core   0: 0x0000000080003a46 (0x14412903) lw      s2, 324(sp)
3 0x0000000080003a46 (0x14412903) x18 0x00000000 mem 0x80025eb4
core   0: 0x0000000080003a4a (0x14012983) lw      s3, 320(sp)
3 0x0000000080003a4a (0x14012983) x19 0x00000000 mem 0x80025eb0
core   0: 0x0000000080003a4e (0x13c12a03) lw      s4, 316(sp)
3 0x0000000080003a4e (0x13c12a03) x20 0x00000000 mem 0x80025eac
core   0: 0x0000000080003a52 (0x13812a83) lw      s5, 312(sp)
3 0x0000000080003a52 (0x13812a83) x21 0x00000000 mem 0x80025ea8
core   0: 0x0000000080003a56 (0x13412b03) lw      s6, 308(sp)
3 0x0000000080003a56 (0x13412b03) x22 0x00000000 mem 0x80025ea4
core   0: 0x0000000080003a5a (0x13012b83) lw      s7, 304(sp)
3 0x0000000080003a5a (0x13012b83) x23 0x00000000 mem 0x80025ea0
core   0: 0x0000000080003a5e (0x00006171) c.addi16sp sp, 336
3 0x0000000080003a5e (0x6171) x 2 0x80025ec0
core   0: 0x0000000080003a60 (0x00008082) ret
3 0x0000000080003a60 (0x8082)
core   0: 0x0000000080003e56 (0x0000a025) c.j     pc + 40
3 0x0000000080003e56 (0xa025)
core   0: 0x0000000080003e7e (0x0000b301) c.j     pc - 768
3 0x0000000080003e7e (0xb301)
core   0: 0x0000000080003b7e (0xfb442783) lw      a5, -76(s0)
3 0x0000000080003b7e (0xfb442783) x15 0x80005002 mem 0x80025ec4
core   0: 0x0000000080003b82 (0x0007c783) lbu     a5, 0(a5)
3 0x0000000080003b82 (0x0007c783) x15 0x0000003a mem 0x80005002
core   0: 0x0000000080003b86 (0x000084be) c.mv    s1, a5
3 0x0000000080003b86 (0x84be) x 9 0x0000003a
core   0: 0x0000000080003b88 (0x02500793) li      a5, 37
3 0x0000000080003b88 (0x02500793) x15 0x00000025
core   0: 0x0000000080003b8c (0xfcf49ce3) bne     s1, a5, pc - 40
3 0x0000000080003b8c (0xfcf49ce3)
core   0: 0x0000000080003b64 (0x30048e63) beq     s1, zero, pc + 796
3 0x0000000080003b64 (0x30048e63)
core   0: 0x0000000080003b68 (0xfb442783) lw      a5, -76(s0)
3 0x0000000080003b68 (0xfb442783) x15 0x80005002 mem 0x80025ec4
core   0: 0x0000000080003b6c (0x00000785) c.addi  a5, 1
3 0x0000000080003b6c (0x0785) x15 0x80005003
core   0: 0x0000000080003b6e (0xfaf42a23) sw      a5, -76(s0)
3 0x0000000080003b6e (0xfaf42a23) mem 0x80025ec4 0x80005003
core   0: 0x0000000080003b72 (0xfbc42783) lw      a5, -68(s0)
3 0x0000000080003b72 (0xfbc42783) x15 0x800037e8 mem 0x80025ecc
core   0: 0x0000000080003b76 (0xfb842583) lw      a1, -72(s0)
3 0x0000000080003b76 (0xfb842583) x11 0x00000000 mem 0x80025ec8
core   0: 0x0000000080003b7a (0x00008526) c.mv    a0, s1
3 0x0000000080003b7a (0x8526) x10 0x0000003a
core   0: 0x0000000080003b7c (0x00009782) c.jalr  a5
3 0x0000000080003b7c (0x9782) x 1 0x80003b7e
core   0: 0x00000000800037e8 (0x00001101) c.addi  sp, -32
3 0x00000000800037e8 (0x1101) x 2 0x80025ea0
core   0: 0x00000000800037ea (0x0000ce06) c.swsp  ra, 28(sp)
3 0x00000000800037ea (0xce06) mem 0x80025ebc 0x80003b7e
core   0: 0x00000000800037ec (0x0000cc22) c.swsp  s0, 24(sp)
3 0x00000000800037ec (0xcc22) mem 0x80025eb8 0x80025f10
core   0: 0x00000000800037ee (0x00001000) c.addi4spn s0, sp, 32
3 0x00000000800037ee (0x1000) x 8 0x80025ec0
core   0: 0x00000000800037f0 (0xfea42623) sw      a0, -20(s0)
3 0x00000000800037f0 (0xfea42623) mem 0x80025eac 0x0000003a
core   0: 0x00000000800037f4 (0x08022783) lw      a5, 128(tp)
3 0x00000000800037f4 (0x08022783) x15 0x00000001 mem 0x800060c0
core   0: 0x00000000800037f8 (0x00178693) addi    a3, a5, 1
3 0x00000000800037f8 (0x00178693) x13 0x00000002
core   0: 0x00000000800037fc (0x08d22023) sw      a3, 128(tp)
3 0x00000000800037fc (0x08d22023) mem 0x800060c0 0x00000002
core   0: 0x0000000080003800 (0xfec42703) lw      a4, -20(s0)
3 0x0000000080003800 (0xfec42703) x14 0x0000003a mem 0x80025eac
core   0: 0x0000000080003804 (0x0ff77713) andi    a4, a4, 255
3 0x0000000080003804 (0x0ff77713) x14 0x0000003a
core   0: 0x0000000080003808 (0x04020693) addi    a3, tp, 64
3 0x0000000080003808 (0x04020693) x13 0x80006080
core   0: 0x000000008000380c (0x000097b6) c.add   a5, a3
3 0x000000008000380c (0x97b6) x15 0x80006081
core   0: 0x000000008000380e (0x00e78023) sb      a4, 0(a5)
3 0x000000008000380e (0x00e78023) mem 0x80006081 0x0000003a
core   0: 0x0000000080003812 (0xfec42703) lw      a4, -20(s0)
3 0x0000000080003812 (0xfec42703) x14 0x0000003a mem 0x80025eac
core   0: 0x0000000080003816 (0x000047a9) c.li    a5, 10
3 0x0000000080003816 (0x47a9) x15 0x0000000a
core   0: 0x0000000080003818 (0x00f70863) beq     a4, a5, pc + 16
3 0x0000000080003818 (0x00f70863)
core   0: 0x000000008000381c (0x08022703) lw      a4, 128(tp)
3 0x000000008000381c (0x08022703) x14 0x00000002 mem 0x800060c0
core   0: 0x0000000080003820 (0x04000793) li      a5, 64
3 0x0000000080003820 (0x04000793) x15 0x00000040
core   0: 0x0000000080003824 (0x00f71e63) bne     a4, a5, pc + 28
3 0x0000000080003824 (0x00f71e63)
core   0: 0x0000000080003840 (0x00004781) c.li    a5, 0
3 0x0000000080003840 (0x4781) x15 0x00000000
core   0: 0x0000000080003842 (0x0000853e) c.mv    a0, a5
3 0x0000000080003842 (0x853e) x10 0x00000000
core   0: 0x0000000080003844 (0x000040f2) c.lwsp  ra, 28(sp)
3 0x0000000080003844 (0x40f2) x 1 0x80003b7e mem 0x80025ebc
core   0: 0x0000000080003846 (0x00004462) c.lwsp  s0, 24(sp)
3 0x0000000080003846 (0x4462) x 8 0x80025f10 mem 0x80025eb8
core   0: 0x0000000080003848 (0x00006105) c.addi16sp sp, 32
3 0x0000000080003848 (0x6105) x 2 0x80025ec0
core   0: 0x000000008000384a (0x00008082) ret
3 0x000000008000384a (0x8082)
core   0: 0x0000000080003b7e (0xfb442783) lw      a5, -76(s0)
3 0x0000000080003b7e (0xfb442783) x15 0x80005003 mem 0x80025ec4
core   0: 0x0000000080003b82 (0x0007c783) lbu     a5, 0(a5)
3 0x0000000080003b82 (0x0007c783) x15 0x00000020 mem 0x80005003
core   0: 0x0000000080003b86 (0x000084be) c.mv    s1, a5
3 0x0000000080003b86 (0x84be) x 9 0x00000020
core   0: 0x0000000080003b88 (0x02500793) li      a5, 37
3 0x0000000080003b88 (0x02500793) x15 0x00000025
core   0: 0x0000000080003b8c (0xfcf49ce3) bne     s1, a5, pc - 40
3 0x0000000080003b8c (0xfcf49ce3)
core   0: 0x0000000080003b64 (0x30048e63) beq     s1, zero, pc + 796
3 0x0000000080003b64 (0x30048e63)
core   0: 0x0000000080003b68 (0xfb442783) lw      a5, -76(s0)
3 0x0000000080003b68 (0xfb442783) x15 0x80005003 mem 0x80025ec4
core   0: 0x0000000080003b6c (0x00000785) c.addi  a5, 1
3 0x0000000080003b6c (0x0785) x15 0x80005004
core   0: 0x0000000080003b6e (0xfaf42a23) sw      a5, -76(s0)
3 0x0000000080003b6e (0xfaf42a23) mem 0x80025ec4 0x80005004
core   0: 0x0000000080003b72 (0xfbc42783) lw      a5, -68(s0)
3 0x0000000080003b72 (0xfbc42783) x15 0x800037e8 mem 0x80025ecc
core   0: 0x0000000080003b76 (0xfb842583) lw      a1, -72(s0)
3 0x0000000080003b76 (0xfb842583) x11 0x00000000 mem 0x80025ec8
core   0: 0x0000000080003b7a (0x00008526) c.mv    a0, s1
3 0x0000000080003b7a (0x8526) x10 0x00000020
core   0: 0x0000000080003b7c (0x00009782) c.jalr  a5
3 0x0000000080003b7c (0x9782) x 1 0x80003b7e
core   0: 0x00000000800037e8 (0x00001101) c.addi  sp, -32
3 0x00000000800037e8 (0x1101) x 2 0x80025ea0
core   0: 0x00000000800037ea (0x0000ce06) c.swsp  ra, 28(sp)
3 0x00000000800037ea (0xce06) mem 0x80025ebc 0x80003b7e
core   0: 0x00000000800037ec (0x0000cc22) c.swsp  s0, 24(sp)
3 0x00000000800037ec (0xcc22) mem 0x80025eb8 0x80025f10
core   0: 0x00000000800037ee (0x00001000) c.addi4spn s0, sp, 32
3 0x00000000800037ee (0x1000) x 8 0x80025ec0
core   0: 0x00000000800037f0 (0xfea42623) sw      a0, -20(s0)
3 0x00000000800037f0 (0xfea42623) mem 0x80025eac 0x00000020
core   0: 0x00000000800037f4 (0x08022783) lw      a5, 128(tp)
3 0x00000000800037f4 (0x08022783) x15 0x00000002 mem 0x800060c0
core   0: 0x00000000800037f8 (0x00178693) addi    a3, a5, 1
3 0x00000000800037f8 (0x00178693) x13 0x00000003
core   0: 0x00000000800037fc (0x08d22023) sw      a3, 128(tp)
3 0x00000000800037fc (0x08d22023) mem 0x800060c0 0x00000003
core   0: 0x0000000080003800 (0xfec42703) lw      a4, -20(s0)
3 0x0000000080003800 (0xfec42703) x14 0x00000020 mem 0x80025eac
core   0: 0x0000000080003804 (0x0ff77713) andi    a4, a4, 255
3 0x0000000080003804 (0x0ff77713) x14 0x00000020
core   0: 0x0000000080003808 (0x04020693) addi    a3, tp, 64
3 0x0000000080003808 (0x04020693) x13 0x80006080
core   0: 0x000000008000380c (0x000097b6) c.add   a5, a3
3 0x000000008000380c (0x97b6) x15 0x80006082
core   0: 0x000000008000380e (0x00e78023) sb      a4, 0(a5)
3 0x000000008000380e (0x00e78023) mem 0x80006082 0x00000020
core   0: 0x0000000080003812 (0xfec42703) lw      a4, -20(s0)
3 0x0000000080003812 (0xfec42703) x14 0x00000020 mem 0x80025eac
core   0: 0x0000000080003816 (0x000047a9) c.li    a5, 10
3 0x0000000080003816 (0x47a9) x15 0x0000000a
core   0: 0x0000000080003818 (0x00f70863) beq     a4, a5, pc + 16
3 0x0000000080003818 (0x00f70863)
core   0: 0x000000008000381c (0x08022703) lw      a4, 128(tp)
3 0x000000008000381c (0x08022703) x14 0x00000003 mem 0x800060c0
core   0: 0x0000000080003820 (0x04000793) li      a5, 64
3 0x0000000080003820 (0x04000793) x15 0x00000040
core   0: 0x0000000080003824 (0x00f71e63) bne     a4, a5, pc + 28
3 0x0000000080003824 (0x00f71e63)
core   0: 0x0000000080003840 (0x00004781) c.li    a5, 0
3 0x0000000080003840 (0x4781) x15 0x00000000
core   0: 0x0000000080003842 (0x0000853e) c.mv    a0, a5
3 0x0000000080003842 (0x853e) x10 0x00000000
core   0: 0x0000000080003844 (0x000040f2) c.lwsp  ra, 28(sp)
3 0x0000000080003844 (0x40f2) x 1 0x80003b7e mem 0x80025ebc
core   0: 0x0000000080003846 (0x00004462) c.lwsp  s0, 24(sp)
3 0x0000000080003846 (0x4462) x 8 0x80025f10 mem 0x80025eb8
core   0: 0x0000000080003848 (0x00006105) c.addi16sp sp, 32
3 0x0000000080003848 (0x6105) x 2 0x80025ec0
core   0: 0x000000008000384a (0x00008082) ret
3 0x000000008000384a (0x8082)
core   0: 0x0000000080003b7e (0xfb442783) lw      a5, -76(s0)
3 0x0000000080003b7e (0xfb442783) x15 0x80005004 mem 0x80025ec4
core   0: 0x0000000080003b82 (0x0007c783) lbu     a5, 0(a5)
3 0x0000000080003b82 (0x0007c783) x15 0x00000048 mem 0x80005004
core   0: 0x0000000080003b86 (0x000084be) c.mv    s1, a5
3 0x0000000080003b86 (0x84be) x 9 0x00000048
core   0: 0x0000000080003b88 (0x02500793) li      a5, 37
3 0x0000000080003b88 (0x02500793) x15 0x00000025
core   0: 0x0000000080003b8c (0xfcf49ce3) bne     s1, a5, pc - 40
3 0x0000000080003b8c (0xfcf49ce3)
core   0: 0x0000000080003b64 (0x30048e63) beq     s1, zero, pc + 796
3 0x0000000080003b64 (0x30048e63)
core   0: 0x0000000080003b68 (0xfb442783) lw      a5, -76(s0)
3 0x0000000080003b68 (0xfb442783) x15 0x80005004 mem 0x80025ec4
core   0: 0x0000000080003b6c (0x00000785) c.addi  a5, 1
3 0x0000000080003b6c (0x0785) x15 0x80005005
core   0: 0x0000000080003b6e (0xfaf42a23) sw      a5, -76(s0)
3 0x0000000080003b6e (0xfaf42a23) mem 0x80025ec4 0x80005005
core   0: 0x0000000080003b72 (0xfbc42783) lw      a5, -68(s0)
3 0x0000000080003b72 (0xfbc42783) x15 0x800037e8 mem 0x80025ecc
core   0: 0x0000000080003b76 (0xfb842583) lw      a1, -72(s0)
3 0x0000000080003b76 (0xfb842583) x11 0x00000000 mem 0x80025ec8
core   0: 0x0000000080003b7a (0x00008526) c.mv    a0, s1
3 0x0000000080003b7a (0x8526) x10 0x00000048
core   0: 0x0000000080003b7c (0x00009782) c.jalr  a5
3 0x0000000080003b7c (0x9782) x 1 0x80003b7e
core   0: 0x00000000800037e8 (0x00001101) c.addi  sp, -32
3 0x00000000800037e8 (0x1101) x 2 0x80025ea0
core   0: 0x00000000800037ea (0x0000ce06) c.swsp  ra, 28(sp)
3 0x00000000800037ea (0xce06) mem 0x80025ebc 0x80003b7e
core   0: 0x00000000800037ec (0x0000cc22) c.swsp  s0, 24(sp)
3 0x00000000800037ec (0xcc22) mem 0x80025eb8 0x80025f10
core   0: 0x00000000800037ee (0x00001000) c.addi4spn s0, sp, 32
3 0x00000000800037ee (0x1000) x 8 0x80025ec0
core   0: 0x00000000800037f0 (0xfea42623) sw      a0, -20(s0)
3 0x00000000800037f0 (0xfea42623) mem 0x80025eac 0x00000048
core   0: 0x00000000800037f4 (0x08022783) lw      a5, 128(tp)
3 0x00000000800037f4 (0x08022783) x15 0x00000003 mem 0x800060c0
core   0: 0x00000000800037f8 (0x00178693) addi    a3, a5, 1
3 0x00000000800037f8 (0x00178693) x13 0x00000004
core   0: 0x00000000800037fc (0x08d22023) sw      a3, 128(tp)
3 0x00000000800037fc (0x08d22023) mem 0x800060c0 0x00000004
core   0: 0x0000000080003800 (0xfec42703) lw      a4, -20(s0)
3 0x0000000080003800 (0xfec42703) x14 0x00000048 mem 0x80025eac
core   0: 0x0000000080003804 (0x0ff77713) andi    a4, a4, 255
3 0x0000000080003804 (0x0ff77713) x14 0x00000048
core   0: 0x0000000080003808 (0x04020693) addi    a3, tp, 64
3 0x0000000080003808 (0x04020693) x13 0x80006080
core   0: 0x000000008000380c (0x000097b6) c.add   a5, a3
3 0x000000008000380c (0x97b6) x15 0x80006083
core   0: 0x000000008000380e (0x00e78023) sb      a4, 0(a5)
3 0x000000008000380e (0x00e78023) mem 0x80006083 0x00000048
core   0: 0x0000000080003812 (0xfec42703) lw      a4, -20(s0)
3 0x0000000080003812 (0xfec42703) x14 0x00000048 mem 0x80025eac
core   0: 0x0000000080003816 (0x000047a9) c.li    a5, 10
3 0x0000000080003816 (0x47a9) x15 0x0000000a
core   0: 0x0000000080003818 (0x00f70863) beq     a4, a5, pc + 16
3 0x0000000080003818 (0x00f70863)
core   0: 0x000000008000381c (0x08022703) lw      a4, 128(tp)
3 0x000000008000381c (0x08022703) x14 0x00000004 mem 0x800060c0
core   0: 0x0000000080003820 (0x04000793) li      a5, 64
3 0x0000000080003820 (0x04000793) x15 0x00000040
core   0: 0x0000000080003824 (0x00f71e63) bne     a4, a5, pc + 28
3 0x0000000080003824 (0x00f71e63)
core   0: 0x0000000080003840 (0x00004781) c.li    a5, 0
3 0x0000000080003840 (0x4781) x15 0x00000000
core   0: 0x0000000080003842 (0x0000853e) c.mv    a0, a5
3 0x0000000080003842 (0x853e) x10 0x00000000
core   0: 0x0000000080003844 (0x000040f2) c.lwsp  ra, 28(sp)
3 0x0000000080003844 (0x40f2) x 1 0x80003b7e mem 0x80025ebc
core   0: 0x0000000080003846 (0x00004462) c.lwsp  s0, 24(sp)
3 0x0000000080003846 (0x4462) x 8 0x80025f10 mem 0x80025eb8
core   0: 0x0000000080003848 (0x00006105) c.addi16sp sp, 32
3 0x0000000080003848 (0x6105) x 2 0x80025ec0
core   0: 0x000000008000384a (0x00008082) ret
3 0x000000008000384a (0x8082)
core   0: 0x0000000080003b7e (0xfb442783) lw      a5, -76(s0)
3 0x0000000080003b7e (0xfb442783) x15 0x80005005 mem 0x80025ec4
core   0: 0x0000000080003b82 (0x0007c783) lbu     a5, 0(a5)
3 0x0000000080003b82 (0x0007c783) x15 0x00000065 mem 0x80005005
core   0: 0x0000000080003b86 (0x000084be) c.mv    s1, a5
3 0x0000000080003b86 (0x84be) x 9 0x00000065
core   0: 0x0000000080003b88 (0x02500793) li      a5, 37
3 0x0000000080003b88 (0x02500793) x15 0x00000025
core   0: 0x0000000080003b8c (0xfcf49ce3) bne     s1, a5, pc - 40
3 0x0000000080003b8c (0xfcf49ce3)
core   0: 0x0000000080003b64 (0x30048e63) beq     s1, zero, pc + 796
3 0x0000000080003b64 (0x30048e63)
core   0: 0x0000000080003b68 (0xfb442783) lw      a5, -76(s0)
3 0x0000000080003b68 (0xfb442783) x15 0x80005005 mem 0x80025ec4
core   0: 0x0000000080003b6c (0x00000785) c.addi  a5, 1
3 0x0000000080003b6c (0x0785) x15 0x80005006
core   0: 0x0000000080003b6e (0xfaf42a23) sw      a5, -76(s0)
3 0x0000000080003b6e (0xfaf42a23) mem 0x80025ec4 0x80005006
core   0: 0x0000000080003b72 (0xfbc42783) lw      a5, -68(s0)
3 0x0000000080003b72 (0xfbc42783) x15 0x800037e8 mem 0x80025ecc
core   0: 0x0000000080003b76 (0xfb842583) lw      a1, -72(s0)
3 0x0000000080003b76 (0xfb842583) x11 0x00000000 mem 0x80025ec8
core   0: 0x0000000080003b7a (0x00008526) c.mv    a0, s1
3 0x0000000080003b7a (0x8526) x10 0x00000065
core   0: 0x0000000080003b7c (0x00009782) c.jalr  a5
3 0x0000000080003b7c (0x9782) x 1 0x80003b7e
core   0: 0x00000000800037e8 (0x00001101) c.addi  sp, -32
3 0x00000000800037e8 (0x1101) x 2 0x80025ea0
core   0: 0x00000000800037ea (0x0000ce06) c.swsp  ra, 28(sp)
3 0x00000000800037ea (0xce06) mem 0x80025ebc 0x80003b7e
core   0: 0x00000000800037ec (0x0000cc22) c.swsp  s0, 24(sp)
3 0x00000000800037ec (0xcc22) mem 0x80025eb8 0x80025f10
core   0: 0x00000000800037ee (0x00001000) c.addi4spn s0, sp, 32
3 0x00000000800037ee (0x1000) x 8 0x80025ec0
core   0: 0x00000000800037f0 (0xfea42623) sw      a0, -20(s0)
3 0x00000000800037f0 (0xfea42623) mem 0x80025eac 0x00000065
core   0: 0x00000000800037f4 (0x08022783) lw      a5, 128(tp)
3 0x00000000800037f4 (0x08022783) x15 0x00000004 mem 0x800060c0
core   0: 0x00000000800037f8 (0x00178693) addi    a3, a5, 1
3 0x00000000800037f8 (0x00178693) x13 0x00000005
core   0: 0x00000000800037fc (0x08d22023) sw      a3, 128(tp)
3 0x00000000800037fc (0x08d22023) mem 0x800060c0 0x00000005
core   0: 0x0000000080003800 (0xfec42703) lw      a4, -20(s0)
3 0x0000000080003800 (0xfec42703) x14 0x00000065 mem 0x80025eac
core   0: 0x0000000080003804 (0x0ff77713) andi    a4, a4, 255
3 0x0000000080003804 (0x0ff77713) x14 0x00000065
core   0: 0x0000000080003808 (0x04020693) addi    a3, tp, 64
3 0x0000000080003808 (0x04020693) x13 0x80006080
core   0: 0x000000008000380c (0x000097b6) c.add   a5, a3
3 0x000000008000380c (0x97b6) x15 0x80006084
core   0: 0x000000008000380e (0x00e78023) sb      a4, 0(a5)
3 0x000000008000380e (0x00e78023) mem 0x80006084 0x00000065
core   0: 0x0000000080003812 (0xfec42703) lw      a4, -20(s0)
3 0x0000000080003812 (0xfec42703) x14 0x00000065 mem 0x80025eac
core   0: 0x0000000080003816 (0x000047a9) c.li    a5, 10
3 0x0000000080003816 (0x47a9) x15 0x0000000a
core   0: 0x0000000080003818 (0x00f70863) beq     a4, a5, pc + 16
3 0x0000000080003818 (0x00f70863)
core   0: 0x000000008000381c (0x08022703) lw      a4, 128(tp)
3 0x000000008000381c (0x08022703) x14 0x00000005 mem 0x800060c0
core   0: 0x0000000080003820 (0x04000793) li      a5, 64
3 0x0000000080003820 (0x04000793) x15 0x00000040
core   0: 0x0000000080003824 (0x00f71e63) bne     a4, a5, pc + 28
3 0x0000000080003824 (0x00f71e63)
core   0: 0x0000000080003840 (0x00004781) c.li    a5, 0
3 0x0000000080003840 (0x4781) x15 0x00000000
core   0: 0x0000000080003842 (0x0000853e) c.mv    a0, a5
3 0x0000000080003842 (0x853e) x10 0x00000000
core   0: 0x0000000080003844 (0x000040f2) c.lwsp  ra, 28(sp)
3 0x0000000080003844 (0x40f2) x 1 0x80003b7e mem 0x80025ebc
core   0: 0x0000000080003846 (0x00004462) c.lwsp  s0, 24(sp)
3 0x0000000080003846 (0x4462) x 8 0x80025f10 mem 0x80025eb8
core   0: 0x0000000080003848 (0x00006105) c.addi16sp sp, 32
3 0x0000000080003848 (0x6105) x 2 0x80025ec0
core   0: 0x000000008000384a (0x00008082) ret
3 0x000000008000384a (0x8082)
core   0: 0x0000000080003b7e (0xfb442783) lw      a5, -76(s0)
3 0x0000000080003b7e (0xfb442783) x15 0x80005006 mem 0x80025ec4
core   0: 0x0000000080003b82 (0x0007c783) lbu     a5, 0(a5)
3 0x0000000080003b82 (0x0007c783) x15 0x0000006c mem 0x80005006
core   0: 0x0000000080003b86 (0x000084be) c.mv    s1, a5
3 0x0000000080003b86 (0x84be) x 9 0x0000006c
core   0: 0x0000000080003b88 (0x02500793) li      a5, 37
3 0x0000000080003b88 (0x02500793) x15 0x00000025
core   0: 0x0000000080003b8c (0xfcf49ce3) bne     s1, a5, pc - 40
3 0x0000000080003b8c (0xfcf49ce3)
core   0: 0x0000000080003b64 (0x30048e63) beq     s1, zero, pc + 796
3 0x0000000080003b64 (0x30048e63)
core   0: 0x0000000080003b68 (0xfb442783) lw      a5, -76(s0)
3 0x0000000080003b68 (0xfb442783) x15 0x80005006 mem 0x80025ec4
core   0: 0x0000000080003b6c (0x00000785) c.addi  a5, 1
3 0x0000000080003b6c (0x0785) x15 0x80005007
core   0: 0x0000000080003b6e (0xfaf42a23) sw      a5, -76(s0)
3 0x0000000080003b6e (0xfaf42a23) mem 0x80025ec4 0x80005007
core   0: 0x0000000080003b72 (0xfbc42783) lw      a5, -68(s0)
3 0x0000000080003b72 (0xfbc42783) x15 0x800037e8 mem 0x80025ecc
core   0: 0x0000000080003b76 (0xfb842583) lw      a1, -72(s0)
3 0x0000000080003b76 (0xfb842583) x11 0x00000000 mem 0x80025ec8
core   0: 0x0000000080003b7a (0x00008526) c.mv    a0, s1
3 0x0000000080003b7a (0x8526) x10 0x0000006c
core   0: 0x0000000080003b7c (0x00009782) c.jalr  a5
3 0x0000000080003b7c (0x9782) x 1 0x80003b7e
core   0: 0x00000000800037e8 (0x00001101) c.addi  sp, -32
3 0x00000000800037e8 (0x1101) x 2 0x80025ea0
core   0: 0x00000000800037ea (0x0000ce06) c.swsp  ra, 28(sp)
3 0x00000000800037ea (0xce06) mem 0x80025ebc 0x80003b7e
core   0: 0x00000000800037ec (0x0000cc22) c.swsp  s0, 24(sp)
3 0x00000000800037ec (0xcc22) mem 0x80025eb8 0x80025f10
core   0: 0x00000000800037ee (0x00001000) c.addi4spn s0, sp, 32
3 0x00000000800037ee (0x1000) x 8 0x80025ec0
core   0: 0x00000000800037f0 (0xfea42623) sw      a0, -20(s0)
3 0x00000000800037f0 (0xfea42623) mem 0x80025eac 0x0000006c
core   0: 0x00000000800037f4 (0x08022783) lw      a5, 128(tp)
3 0x00000000800037f4 (0x08022783) x15 0x00000005 mem 0x800060c0
core   0: 0x00000000800037f8 (0x00178693) addi    a3, a5, 1
3 0x00000000800037f8 (0x00178693) x13 0x00000006
core   0: 0x00000000800037fc (0x08d22023) sw      a3, 128(tp)
3 0x00000000800037fc (0x08d22023) mem 0x800060c0 0x00000006
core   0: 0x0000000080003800 (0xfec42703) lw      a4, -20(s0)
3 0x0000000080003800 (0xfec42703) x14 0x0000006c mem 0x80025eac
core   0: 0x0000000080003804 (0x0ff77713) andi    a4, a4, 255
3 0x0000000080003804 (0x0ff77713) x14 0x0000006c
core   0: 0x0000000080003808 (0x04020693) addi    a3, tp, 64
3 0x0000000080003808 (0x04020693) x13 0x80006080
core   0: 0x000000008000380c (0x000097b6) c.add   a5, a3
3 0x000000008000380c (0x97b6) x15 0x80006085
core   0: 0x000000008000380e (0x00e78023) sb      a4, 0(a5)
3 0x000000008000380e (0x00e78023) mem 0x80006085 0x0000006c
core   0: 0x0000000080003812 (0xfec42703) lw      a4, -20(s0)
3 0x0000000080003812 (0xfec42703) x14 0x0000006c mem 0x80025eac
core   0: 0x0000000080003816 (0x000047a9) c.li    a5, 10
3 0x0000000080003816 (0x47a9) x15 0x0000000a
core   0: 0x0000000080003818 (0x00f70863) beq     a4, a5, pc + 16
3 0x0000000080003818 (0x00f70863)
core   0: 0x000000008000381c (0x08022703) lw      a4, 128(tp)
3 0x000000008000381c (0x08022703) x14 0x00000006 mem 0x800060c0
core   0: 0x0000000080003820 (0x04000793) li      a5, 64
3 0x0000000080003820 (0x04000793) x15 0x00000040
core   0: 0x0000000080003824 (0x00f71e63) bne     a4, a5, pc + 28
3 0x0000000080003824 (0x00f71e63)
core   0: 0x0000000080003840 (0x00004781) c.li    a5, 0
3 0x0000000080003840 (0x4781) x15 0x00000000
core   0: 0x0000000080003842 (0x0000853e) c.mv    a0, a5
3 0x0000000080003842 (0x853e) x10 0x00000000
core   0: 0x0000000080003844 (0x000040f2) c.lwsp  ra, 28(sp)
3 0x0000000080003844 (0x40f2) x 1 0x80003b7e mem 0x80025ebc
core   0: 0x0000000080003846 (0x00004462) c.lwsp  s0, 24(sp)
3 0x0000000080003846 (0x4462) x 8 0x80025f10 mem 0x80025eb8
core   0: 0x0000000080003848 (0x00006105) c.addi16sp sp, 32
3 0x0000000080003848 (0x6105) x 2 0x80025ec0
core   0: 0x000000008000384a (0x00008082) ret
3 0x000000008000384a (0x8082)
core   0: 0x0000000080003b7e (0xfb442783) lw      a5, -76(s0)
3 0x0000000080003b7e (0xfb442783) x15 0x80005007 mem 0x80025ec4
core   0: 0x0000000080003b82 (0x0007c783) lbu     a5, 0(a5)
3 0x0000000080003b82 (0x0007c783) x15 0x0000006c mem 0x80005007
core   0: 0x0000000080003b86 (0x000084be) c.mv    s1, a5
3 0x0000000080003b86 (0x84be) x 9 0x0000006c
core   0: 0x0000000080003b88 (0x02500793) li      a5, 37
3 0x0000000080003b88 (0x02500793) x15 0x00000025
core   0: 0x0000000080003b8c (0xfcf49ce3) bne     s1, a5, pc - 40
3 0x0000000080003b8c (0xfcf49ce3)
core   0: 0x0000000080003b64 (0x30048e63) beq     s1, zero, pc + 796
3 0x0000000080003b64 (0x30048e63)
core   0: 0x0000000080003b68 (0xfb442783) lw      a5, -76(s0)
3 0x0000000080003b68 (0xfb442783) x15 0x80005007 mem 0x80025ec4
core   0: 0x0000000080003b6c (0x00000785) c.addi  a5, 1
3 0x0000000080003b6c (0x0785) x15 0x80005008
core   0: 0x0000000080003b6e (0xfaf42a23) sw      a5, -76(s0)
3 0x0000000080003b6e (0xfaf42a23) mem 0x80025ec4 0x80005008
core   0: 0x0000000080003b72 (0xfbc42783) lw      a5, -68(s0)
3 0x0000000080003b72 (0xfbc42783) x15 0x800037e8 mem 0x80025ecc
core   0: 0x0000000080003b76 (0xfb842583) lw      a1, -72(s0)
3 0x0000000080003b76 (0xfb842583) x11 0x00000000 mem 0x80025ec8
core   0: 0x0000000080003b7a (0x00008526) c.mv    a0, s1
3 0x0000000080003b7a (0x8526) x10 0x0000006c
core   0: 0x0000000080003b7c (0x00009782) c.jalr  a5
3 0x0000000080003b7c (0x9782) x 1 0x80003b7e
core   0: 0x00000000800037e8 (0x00001101) c.addi  sp, -32
3 0x00000000800037e8 (0x1101) x 2 0x80025ea0
core   0: 0x00000000800037ea (0x0000ce06) c.swsp  ra, 28(sp)
3 0x00000000800037ea (0xce06) mem 0x80025ebc 0x80003b7e
core   0: 0x00000000800037ec (0x0000cc22) c.swsp  s0, 24(sp)
3 0x00000000800037ec (0xcc22) mem 0x80025eb8 0x80025f10
core   0: 0x00000000800037ee (0x00001000) c.addi4spn s0, sp, 32
3 0x00000000800037ee (0x1000) x 8 0x80025ec0
core   0: 0x00000000800037f0 (0xfea42623) sw      a0, -20(s0)
3 0x00000000800037f0 (0xfea42623) mem 0x80025eac 0x0000006c
core   0: 0x00000000800037f4 (0x08022783) lw      a5, 128(tp)
3 0x00000000800037f4 (0x08022783) x15 0x00000006 mem 0x800060c0
core   0: 0x00000000800037f8 (0x00178693) addi    a3, a5, 1
3 0x00000000800037f8 (0x00178693) x13 0x00000007
core   0: 0x00000000800037fc (0x08d22023) sw      a3, 128(tp)
3 0x00000000800037fc (0x08d22023) mem 0x800060c0 0x00000007
core   0: 0x0000000080003800 (0xfec42703) lw      a4, -20(s0)
3 0x0000000080003800 (0xfec42703) x14 0x0000006c mem 0x80025eac
core   0: 0x0000000080003804 (0x0ff77713) andi    a4, a4, 255
3 0x0000000080003804 (0x0ff77713) x14 0x0000006c
core   0: 0x0000000080003808 (0x04020693) addi    a3, tp, 64
3 0x0000000080003808 (0x04020693) x13 0x80006080
core   0: 0x000000008000380c (0x000097b6) c.add   a5, a3
3 0x000000008000380c (0x97b6) x15 0x80006086
core   0: 0x000000008000380e (0x00e78023) sb      a4, 0(a5)
3 0x000000008000380e (0x00e78023) mem 0x80006086 0x0000006c
core   0: 0x0000000080003812 (0xfec42703) lw      a4, -20(s0)
3 0x0000000080003812 (0xfec42703) x14 0x0000006c mem 0x80025eac
core   0: 0x0000000080003816 (0x000047a9) c.li    a5, 10
3 0x0000000080003816 (0x47a9) x15 0x0000000a
core   0: 0x0000000080003818 (0x00f70863) beq     a4, a5, pc + 16
3 0x0000000080003818 (0x00f70863)
core   0: 0x000000008000381c (0x08022703) lw      a4, 128(tp)
3 0x000000008000381c (0x08022703) x14 0x00000007 mem 0x800060c0
core   0: 0x0000000080003820 (0x04000793) li      a5, 64
3 0x0000000080003820 (0x04000793) x15 0x00000040
core   0: 0x0000000080003824 (0x00f71e63) bne     a4, a5, pc + 28
3 0x0000000080003824 (0x00f71e63)
core   0: 0x0000000080003840 (0x00004781) c.li    a5, 0
3 0x0000000080003840 (0x4781) x15 0x00000000
core   0: 0x0000000080003842 (0x0000853e) c.mv    a0, a5
3 0x0000000080003842 (0x853e) x10 0x00000000
core   0: 0x0000000080003844 (0x000040f2) c.lwsp  ra, 28(sp)
3 0x0000000080003844 (0x40f2) x 1 0x80003b7e mem 0x80025ebc
core   0: 0x0000000080003846 (0x00004462) c.lwsp  s0, 24(sp)
3 0x0000000080003846 (0x4462) x 8 0x80025f10 mem 0x80025eb8
core   0: 0x0000000080003848 (0x00006105) c.addi16sp sp, 32
3 0x0000000080003848 (0x6105) x 2 0x80025ec0
core   0: 0x000000008000384a (0x00008082) ret
3 0x000000008000384a (0x8082)
core   0: 0x0000000080003b7e (0xfb442783) lw      a5, -76(s0)
3 0x0000000080003b7e (0xfb442783) x15 0x80005008 mem 0x80025ec4
core   0: 0x0000000080003b82 (0x0007c783) lbu     a5, 0(a5)
3 0x0000000080003b82 (0x0007c783) x15 0x0000006f mem 0x80005008
core   0: 0x0000000080003b86 (0x000084be) c.mv    s1, a5
3 0x0000000080003b86 (0x84be) x 9 0x0000006f
core   0: 0x0000000080003b88 (0x02500793) li      a5, 37
3 0x0000000080003b88 (0x02500793) x15 0x00000025
core   0: 0x0000000080003b8c (0xfcf49ce3) bne     s1, a5, pc - 40
3 0x0000000080003b8c (0xfcf49ce3)
core   0: 0x0000000080003b64 (0x30048e63) beq     s1, zero, pc + 796
3 0x0000000080003b64 (0x30048e63)
core   0: 0x0000000080003b68 (0xfb442783) lw      a5, -76(s0)
3 0x0000000080003b68 (0xfb442783) x15 0x80005008 mem 0x80025ec4
core   0: 0x0000000080003b6c (0x00000785) c.addi  a5, 1
3 0x0000000080003b6c (0x0785) x15 0x80005009
core   0: 0x0000000080003b6e (0xfaf42a23) sw      a5, -76(s0)
3 0x0000000080003b6e (0xfaf42a23) mem 0x80025ec4 0x80005009
core   0: 0x0000000080003b72 (0xfbc42783) lw      a5, -68(s0)
3 0x0000000080003b72 (0xfbc42783) x15 0x800037e8 mem 0x80025ecc
core   0: 0x0000000080003b76 (0xfb842583) lw      a1, -72(s0)
3 0x0000000080003b76 (0xfb842583) x11 0x00000000 mem 0x80025ec8
core   0: 0x0000000080003b7a (0x00008526) c.mv    a0, s1
3 0x0000000080003b7a (0x8526) x10 0x0000006f
core   0: 0x0000000080003b7c (0x00009782) c.jalr  a5
3 0x0000000080003b7c (0x9782) x 1 0x80003b7e
core   0: 0x00000000800037e8 (0x00001101) c.addi  sp, -32
3 0x00000000800037e8 (0x1101) x 2 0x80025ea0
core   0: 0x00000000800037ea (0x0000ce06) c.swsp  ra, 28(sp)
3 0x00000000800037ea (0xce06) mem 0x80025ebc 0x80003b7e
core   0: 0x00000000800037ec (0x0000cc22) c.swsp  s0, 24(sp)
3 0x00000000800037ec (0xcc22) mem 0x80025eb8 0x80025f10
core   0: 0x00000000800037ee (0x00001000) c.addi4spn s0, sp, 32
3 0x00000000800037ee (0x1000) x 8 0x80025ec0
core   0: 0x00000000800037f0 (0xfea42623) sw      a0, -20(s0)
3 0x00000000800037f0 (0xfea42623) mem 0x80025eac 0x0000006f
core   0: 0x00000000800037f4 (0x08022783) lw      a5, 128(tp)
3 0x00000000800037f4 (0x08022783) x15 0x00000007 mem 0x800060c0
core   0: 0x00000000800037f8 (0x00178693) addi    a3, a5, 1
3 0x00000000800037f8 (0x00178693) x13 0x00000008
core   0: 0x00000000800037fc (0x08d22023) sw      a3, 128(tp)
3 0x00000000800037fc (0x08d22023) mem 0x800060c0 0x00000008
core   0: 0x0000000080003800 (0xfec42703) lw      a4, -20(s0)
3 0x0000000080003800 (0xfec42703) x14 0x0000006f mem 0x80025eac
core   0: 0x0000000080003804 (0x0ff77713) andi    a4, a4, 255
3 0x0000000080003804 (0x0ff77713) x14 0x0000006f
core   0: 0x0000000080003808 (0x04020693) addi    a3, tp, 64
3 0x0000000080003808 (0x04020693) x13 0x80006080
core   0: 0x000000008000380c (0x000097b6) c.add   a5, a3
3 0x000000008000380c (0x97b6) x15 0x80006087
core   0: 0x000000008000380e (0x00e78023) sb      a4, 0(a5)
3 0x000000008000380e (0x00e78023) mem 0x80006087 0x0000006f
core   0: 0x0000000080003812 (0xfec42703) lw      a4, -20(s0)
3 0x0000000080003812 (0xfec42703) x14 0x0000006f mem 0x80025eac
core   0: 0x0000000080003816 (0x000047a9) c.li    a5, 10
3 0x0000000080003816 (0x47a9) x15 0x0000000a
core   0: 0x0000000080003818 (0x00f70863) beq     a4, a5, pc + 16
3 0x0000000080003818 (0x00f70863)
core   0: 0x000000008000381c (0x08022703) lw      a4, 128(tp)
3 0x000000008000381c (0x08022703) x14 0x00000008 mem 0x800060c0
core   0: 0x0000000080003820 (0x04000793) li      a5, 64
3 0x0000000080003820 (0x04000793) x15 0x00000040
core   0: 0x0000000080003824 (0x00f71e63) bne     a4, a5, pc + 28
3 0x0000000080003824 (0x00f71e63)
core   0: 0x0000000080003840 (0x00004781) c.li    a5, 0
3 0x0000000080003840 (0x4781) x15 0x00000000
core   0: 0x0000000080003842 (0x0000853e) c.mv    a0, a5
3 0x0000000080003842 (0x853e) x10 0x00000000
core   0: 0x0000000080003844 (0x000040f2) c.lwsp  ra, 28(sp)
3 0x0000000080003844 (0x40f2) x 1 0x80003b7e mem 0x80025ebc
core   0: 0x0000000080003846 (0x00004462) c.lwsp  s0, 24(sp)
3 0x0000000080003846 (0x4462) x 8 0x80025f10 mem 0x80025eb8
core   0: 0x0000000080003848 (0x00006105) c.addi16sp sp, 32
3 0x0000000080003848 (0x6105) x 2 0x80025ec0
core   0: 0x000000008000384a (0x00008082) ret
3 0x000000008000384a (0x8082)
core   0: 0x0000000080003b7e (0xfb442783) lw      a5, -76(s0)
3 0x0000000080003b7e (0xfb442783) x15 0x80005009 mem 0x80025ec4
core   0: 0x0000000080003b82 (0x0007c783) lbu     a5, 0(a5)
3 0x0000000080003b82 (0x0007c783) x15 0x00000020 mem 0x80005009
core   0: 0x0000000080003b86 (0x000084be) c.mv    s1, a5
3 0x0000000080003b86 (0x84be) x 9 0x00000020
core   0: 0x0000000080003b88 (0x02500793) li      a5, 37
3 0x0000000080003b88 (0x02500793) x15 0x00000025
core   0: 0x0000000080003b8c (0xfcf49ce3) bne     s1, a5, pc - 40
3 0x0000000080003b8c (0xfcf49ce3)
core   0: 0x0000000080003b64 (0x30048e63) beq     s1, zero, pc + 796
3 0x0000000080003b64 (0x30048e63)
core   0: 0x0000000080003b68 (0xfb442783) lw      a5, -76(s0)
3 0x0000000080003b68 (0xfb442783) x15 0x80005009 mem 0x80025ec4
core   0: 0x0000000080003b6c (0x00000785) c.addi  a5, 1
3 0x0000000080003b6c (0x0785) x15 0x8000500a
core   0: 0x0000000080003b6e (0xfaf42a23) sw      a5, -76(s0)
3 0x0000000080003b6e (0xfaf42a23) mem 0x80025ec4 0x8000500a
core   0: 0x0000000080003b72 (0xfbc42783) lw      a5, -68(s0)
3 0x0000000080003b72 (0xfbc42783) x15 0x800037e8 mem 0x80025ecc
core   0: 0x0000000080003b76 (0xfb842583) lw      a1, -72(s0)
3 0x0000000080003b76 (0xfb842583) x11 0x00000000 mem 0x80025ec8
core   0: 0x0000000080003b7a (0x00008526) c.mv    a0, s1
3 0x0000000080003b7a (0x8526) x10 0x00000020
core   0: 0x0000000080003b7c (0x00009782) c.jalr  a5
3 0x0000000080003b7c (0x9782) x 1 0x80003b7e
core   0: 0x00000000800037e8 (0x00001101) c.addi  sp, -32
3 0x00000000800037e8 (0x1101) x 2 0x80025ea0
core   0: 0x00000000800037ea (0x0000ce06) c.swsp  ra, 28(sp)
3 0x00000000800037ea (0xce06) mem 0x80025ebc 0x80003b7e
core   0: 0x00000000800037ec (0x0000cc22) c.swsp  s0, 24(sp)
3 0x00000000800037ec (0xcc22) mem 0x80025eb8 0x80025f10
core   0: 0x00000000800037ee (0x00001000) c.addi4spn s0, sp, 32
3 0x00000000800037ee (0x1000) x 8 0x80025ec0
core   0: 0x00000000800037f0 (0xfea42623) sw      a0, -20(s0)
3 0x00000000800037f0 (0xfea42623) mem 0x80025eac 0x00000020
core   0: 0x00000000800037f4 (0x08022783) lw      a5, 128(tp)
3 0x00000000800037f4 (0x08022783) x15 0x00000008 mem 0x800060c0
core   0: 0x00000000800037f8 (0x00178693) addi    a3, a5, 1
3 0x00000000800037f8 (0x00178693) x13 0x00000009
core   0: 0x00000000800037fc (0x08d22023) sw      a3, 128(tp)
3 0x00000000800037fc (0x08d22023) mem 0x800060c0 0x00000009
core   0: 0x0000000080003800 (0xfec42703) lw      a4, -20(s0)
3 0x0000000080003800 (0xfec42703) x14 0x00000020 mem 0x80025eac
core   0: 0x0000000080003804 (0x0ff77713) andi    a4, a4, 255
3 0x0000000080003804 (0x0ff77713) x14 0x00000020
core   0: 0x0000000080003808 (0x04020693) addi    a3, tp, 64
3 0x0000000080003808 (0x04020693) x13 0x80006080
core   0: 0x000000008000380c (0x000097b6) c.add   a5, a3
3 0x000000008000380c (0x97b6) x15 0x80006088
core   0: 0x000000008000380e (0x00e78023) sb      a4, 0(a5)
3 0x000000008000380e (0x00e78023) mem 0x80006088 0x00000020
core   0: 0x0000000080003812 (0xfec42703) lw      a4, -20(s0)
3 0x0000000080003812 (0xfec42703) x14 0x00000020 mem 0x80025eac
core   0: 0x0000000080003816 (0x000047a9) c.li    a5, 10
3 0x0000000080003816 (0x47a9) x15 0x0000000a
core   0: 0x0000000080003818 (0x00f70863) beq     a4, a5, pc + 16
3 0x0000000080003818 (0x00f70863)
core   0: 0x000000008000381c (0x08022703) lw      a4, 128(tp)
3 0x000000008000381c (0x08022703) x14 0x00000009 mem 0x800060c0
core   0: 0x0000000080003820 (0x04000793) li      a5, 64
3 0x0000000080003820 (0x04000793) x15 0x00000040
core   0: 0x0000000080003824 (0x00f71e63) bne     a4, a5, pc + 28
3 0x0000000080003824 (0x00f71e63)
core   0: 0x0000000080003840 (0x00004781) c.li    a5, 0
3 0x0000000080003840 (0x4781) x15 0x00000000
core   0: 0x0000000080003842 (0x0000853e) c.mv    a0, a5
3 0x0000000080003842 (0x853e) x10 0x00000000
core   0: 0x0000000080003844 (0x000040f2) c.lwsp  ra, 28(sp)
3 0x0000000080003844 (0x40f2) x 1 0x80003b7e mem 0x80025ebc
core   0: 0x0000000080003846 (0x00004462) c.lwsp  s0, 24(sp)
3 0x0000000080003846 (0x4462) x 8 0x80025f10 mem 0x80025eb8
core   0: 0x0000000080003848 (0x00006105) c.addi16sp sp, 32
3 0x0000000080003848 (0x6105) x 2 0x80025ec0
core   0: 0x000000008000384a (0x00008082) ret
3 0x000000008000384a (0x8082)
core   0: 0x0000000080003b7e (0xfb442783) lw      a5, -76(s0)
3 0x0000000080003b7e (0xfb442783) x15 0x8000500a mem 0x80025ec4
core   0: 0x0000000080003b82 (0x0007c783) lbu     a5, 0(a5)
3 0x0000000080003b82 (0x0007c783) x15 0x00000057 mem 0x8000500a
core   0: 0x0000000080003b86 (0x000084be) c.mv    s1, a5
3 0x0000000080003b86 (0x84be) x 9 0x00000057
core   0: 0x0000000080003b88 (0x02500793) li      a5, 37
3 0x0000000080003b88 (0x02500793) x15 0x00000025
core   0: 0x0000000080003b8c (0xfcf49ce3) bne     s1, a5, pc - 40
3 0x0000000080003b8c (0xfcf49ce3)
core   0: 0x0000000080003b64 (0x30048e63) beq     s1, zero, pc + 796
3 0x0000000080003b64 (0x30048e63)
core   0: 0x0000000080003b68 (0xfb442783) lw      a5, -76(s0)
3 0x0000000080003b68 (0xfb442783) x15 0x8000500a mem 0x80025ec4
core   0: 0x0000000080003b6c (0x00000785) c.addi  a5, 1
3 0x0000000080003b6c (0x0785) x15 0x8000500b
core   0: 0x0000000080003b6e (0xfaf42a23) sw      a5, -76(s0)
3 0x0000000080003b6e (0xfaf42a23) mem 0x80025ec4 0x8000500b
core   0: 0x0000000080003b72 (0xfbc42783) lw      a5, -68(s0)
3 0x0000000080003b72 (0xfbc42783) x15 0x800037e8 mem 0x80025ecc
core   0: 0x0000000080003b76 (0xfb842583) lw      a1, -72(s0)
3 0x0000000080003b76 (0xfb842583) x11 0x00000000 mem 0x80025ec8
core   0: 0x0000000080003b7a (0x00008526) c.mv    a0, s1
3 0x0000000080003b7a (0x8526) x10 0x00000057
core   0: 0x0000000080003b7c (0x00009782) c.jalr  a5
3 0x0000000080003b7c (0x9782) x 1 0x80003b7e
core   0: 0x00000000800037e8 (0x00001101) c.addi  sp, -32
3 0x00000000800037e8 (0x1101) x 2 0x80025ea0
core   0: 0x00000000800037ea (0x0000ce06) c.swsp  ra, 28(sp)
3 0x00000000800037ea (0xce06) mem 0x80025ebc 0x80003b7e
core   0: 0x00000000800037ec (0x0000cc22) c.swsp  s0, 24(sp)
3 0x00000000800037ec (0xcc22) mem 0x80025eb8 0x80025f10
core   0: 0x00000000800037ee (0x00001000) c.addi4spn s0, sp, 32
3 0x00000000800037ee (0x1000) x 8 0x80025ec0
core   0: 0x00000000800037f0 (0xfea42623) sw      a0, -20(s0)
3 0x00000000800037f0 (0xfea42623) mem 0x80025eac 0x00000057
core   0: 0x00000000800037f4 (0x08022783) lw      a5, 128(tp)
3 0x00000000800037f4 (0x08022783) x15 0x00000009 mem 0x800060c0
core   0: 0x00000000800037f8 (0x00178693) addi    a3, a5, 1
3 0x00000000800037f8 (0x00178693) x13 0x0000000a
core   0: 0x00000000800037fc (0x08d22023) sw      a3, 128(tp)
3 0x00000000800037fc (0x08d22023) mem 0x800060c0 0x0000000a
core   0: 0x0000000080003800 (0xfec42703) lw      a4, -20(s0)
3 0x0000000080003800 (0xfec42703) x14 0x00000057 mem 0x80025eac
core   0: 0x0000000080003804 (0x0ff77713) andi    a4, a4, 255
3 0x0000000080003804 (0x0ff77713) x14 0x00000057
core   0: 0x0000000080003808 (0x04020693) addi    a3, tp, 64
3 0x0000000080003808 (0x04020693) x13 0x80006080
core   0: 0x000000008000380c (0x000097b6) c.add   a5, a3
3 0x000000008000380c (0x97b6) x15 0x80006089
core   0: 0x000000008000380e (0x00e78023) sb      a4, 0(a5)
3 0x000000008000380e (0x00e78023) mem 0x80006089 0x00000057
core   0: 0x0000000080003812 (0xfec42703) lw      a4, -20(s0)
3 0x0000000080003812 (0xfec42703) x14 0x00000057 mem 0x80025eac
core   0: 0x0000000080003816 (0x000047a9) c.li    a5, 10
3 0x0000000080003816 (0x47a9) x15 0x0000000a
core   0: 0x0000000080003818 (0x00f70863) beq     a4, a5, pc + 16
3 0x0000000080003818 (0x00f70863)
core   0: 0x000000008000381c (0x08022703) lw      a4, 128(tp)
3 0x000000008000381c (0x08022703) x14 0x0000000a mem 0x800060c0
core   0: 0x0000000080003820 (0x04000793) li      a5, 64
3 0x0000000080003820 (0x04000793) x15 0x00000040
core   0: 0x0000000080003824 (0x00f71e63) bne     a4, a5, pc + 28
3 0x0000000080003824 (0x00f71e63)
core   0: 0x0000000080003840 (0x00004781) c.li    a5, 0
3 0x0000000080003840 (0x4781) x15 0x00000000
core   0: 0x0000000080003842 (0x0000853e) c.mv    a0, a5
3 0x0000000080003842 (0x853e) x10 0x00000000
core   0: 0x0000000080003844 (0x000040f2) c.lwsp  ra, 28(sp)
3 0x0000000080003844 (0x40f2) x 1 0x80003b7e mem 0x80025ebc
core   0: 0x0000000080003846 (0x00004462) c.lwsp  s0, 24(sp)
3 0x0000000080003846 (0x4462) x 8 0x80025f10 mem 0x80025eb8
core   0: 0x0000000080003848 (0x00006105) c.addi16sp sp, 32
3 0x0000000080003848 (0x6105) x 2 0x80025ec0
core   0: 0x000000008000384a (0x00008082) ret
3 0x000000008000384a (0x8082)
core   0: 0x0000000080003b7e (0xfb442783) lw      a5, -76(s0)
3 0x0000000080003b7e (0xfb442783) x15 0x8000500b mem 0x80025ec4
core   0: 0x0000000080003b82 (0x0007c783) lbu     a5, 0(a5)
3 0x0000000080003b82 (0x0007c783) x15 0x0000006f mem 0x8000500b
core   0: 0x0000000080003b86 (0x000084be) c.mv    s1, a5
3 0x0000000080003b86 (0x84be) x 9 0x0000006f
core   0: 0x0000000080003b88 (0x02500793) li      a5, 37
3 0x0000000080003b88 (0x02500793) x15 0x00000025
core   0: 0x0000000080003b8c (0xfcf49ce3) bne     s1, a5, pc - 40
3 0x0000000080003b8c (0xfcf49ce3)
core   0: 0x0000000080003b64 (0x30048e63) beq     s1, zero, pc + 796
3 0x0000000080003b64 (0x30048e63)
core   0: 0x0000000080003b68 (0xfb442783) lw      a5, -76(s0)
3 0x0000000080003b68 (0xfb442783) x15 0x8000500b mem 0x80025ec4
core   0: 0x0000000080003b6c (0x00000785) c.addi  a5, 1
3 0x0000000080003b6c (0x0785) x15 0x8000500c
core   0: 0x0000000080003b6e (0xfaf42a23) sw      a5, -76(s0)
3 0x0000000080003b6e (0xfaf42a23) mem 0x80025ec4 0x8000500c
core   0: 0x0000000080003b72 (0xfbc42783) lw      a5, -68(s0)
3 0x0000000080003b72 (0xfbc42783) x15 0x800037e8 mem 0x80025ecc
core   0: 0x0000000080003b76 (0xfb842583) lw      a1, -72(s0)
3 0x0000000080003b76 (0xfb842583) x11 0x00000000 mem 0x80025ec8
core   0: 0x0000000080003b7a (0x00008526) c.mv    a0, s1
3 0x0000000080003b7a (0x8526) x10 0x0000006f
core   0: 0x0000000080003b7c (0x00009782) c.jalr  a5
3 0x0000000080003b7c (0x9782) x 1 0x80003b7e
core   0: 0x00000000800037e8 (0x00001101) c.addi  sp, -32
3 0x00000000800037e8 (0x1101) x 2 0x80025ea0
core   0: 0x00000000800037ea (0x0000ce06) c.swsp  ra, 28(sp)
3 0x00000000800037ea (0xce06) mem 0x80025ebc 0x80003b7e
core   0: 0x00000000800037ec (0x0000cc22) c.swsp  s0, 24(sp)
3 0x00000000800037ec (0xcc22) mem 0x80025eb8 0x80025f10
core   0: 0x00000000800037ee (0x00001000) c.addi4spn s0, sp, 32
3 0x00000000800037ee (0x1000) x 8 0x80025ec0
core   0: 0x00000000800037f0 (0xfea42623) sw      a0, -20(s0)
3 0x00000000800037f0 (0xfea42623) mem 0x80025eac 0x0000006f
core   0: 0x00000000800037f4 (0x08022783) lw      a5, 128(tp)
3 0x00000000800037f4 (0x08022783) x15 0x0000000a mem 0x800060c0
core   0: 0x00000000800037f8 (0x00178693) addi    a3, a5, 1
3 0x00000000800037f8 (0x00178693) x13 0x0000000b
core   0: 0x00000000800037fc (0x08d22023) sw      a3, 128(tp)
3 0x00000000800037fc (0x08d22023) mem 0x800060c0 0x0000000b
core   0: 0x0000000080003800 (0xfec42703) lw      a4, -20(s0)
3 0x0000000080003800 (0xfec42703) x14 0x0000006f mem 0x80025eac
core   0: 0x0000000080003804 (0x0ff77713) andi    a4, a4, 255
3 0x0000000080003804 (0x0ff77713) x14 0x0000006f
core   0: 0x0000000080003808 (0x04020693) addi    a3, tp, 64
3 0x0000000080003808 (0x04020693) x13 0x80006080
core   0: 0x000000008000380c (0x000097b6) c.add   a5, a3
3 0x000000008000380c (0x97b6) x15 0x8000608a
core   0: 0x000000008000380e (0x00e78023) sb      a4, 0(a5)
3 0x000000008000380e (0x00e78023) mem 0x8000608a 0x0000006f
core   0: 0x0000000080003812 (0xfec42703) lw      a4, -20(s0)
3 0x0000000080003812 (0xfec42703) x14 0x0000006f mem 0x80025eac
core   0: 0x0000000080003816 (0x000047a9) c.li    a5, 10
3 0x0000000080003816 (0x47a9) x15 0x0000000a
core   0: 0x0000000080003818 (0x00f70863) beq     a4, a5, pc + 16
3 0x0000000080003818 (0x00f70863)
core   0: 0x000000008000381c (0x08022703) lw      a4, 128(tp)
3 0x000000008000381c (0x08022703) x14 0x0000000b mem 0x800060c0
core   0: 0x0000000080003820 (0x04000793) li      a5, 64
3 0x0000000080003820 (0x04000793) x15 0x00000040
core   0: 0x0000000080003824 (0x00f71e63) bne     a4, a5, pc + 28
3 0x0000000080003824 (0x00f71e63)
core   0: 0x0000000080003840 (0x00004781) c.li    a5, 0
3 0x0000000080003840 (0x4781) x15 0x00000000
core   0: 0x0000000080003842 (0x0000853e) c.mv    a0, a5
3 0x0000000080003842 (0x853e) x10 0x00000000
core   0: 0x0000000080003844 (0x000040f2) c.lwsp  ra, 28(sp)
3 0x0000000080003844 (0x40f2) x 1 0x80003b7e mem 0x80025ebc
core   0: 0x0000000080003846 (0x00004462) c.lwsp  s0, 24(sp)
3 0x0000000080003846 (0x4462) x 8 0x80025f10 mem 0x80025eb8
core   0: 0x0000000080003848 (0x00006105) c.addi16sp sp, 32
3 0x0000000080003848 (0x6105) x 2 0x80025ec0
core   0: 0x000000008000384a (0x00008082) ret
3 0x000000008000384a (0x8082)
core   0: 0x0000000080003b7e (0xfb442783) lw      a5, -76(s0)
3 0x0000000080003b7e (0xfb442783) x15 0x8000500c mem 0x80025ec4
core   0: 0x0000000080003b82 (0x0007c783) lbu     a5, 0(a5)
3 0x0000000080003b82 (0x0007c783) x15 0x00000072 mem 0x8000500c
core   0: 0x0000000080003b86 (0x000084be) c.mv    s1, a5
3 0x0000000080003b86 (0x84be) x 9 0x00000072
core   0: 0x0000000080003b88 (0x02500793) li      a5, 37
3 0x0000000080003b88 (0x02500793) x15 0x00000025
core   0: 0x0000000080003b8c (0xfcf49ce3) bne     s1, a5, pc - 40
3 0x0000000080003b8c (0xfcf49ce3)
core   0: 0x0000000080003b64 (0x30048e63) beq     s1, zero, pc + 796
3 0x0000000080003b64 (0x30048e63)
core   0: 0x0000000080003b68 (0xfb442783) lw      a5, -76(s0)
3 0x0000000080003b68 (0xfb442783) x15 0x8000500c mem 0x80025ec4
core   0: 0x0000000080003b6c (0x00000785) c.addi  a5, 1
3 0x0000000080003b6c (0x0785) x15 0x8000500d
core   0: 0x0000000080003b6e (0xfaf42a23) sw      a5, -76(s0)
3 0x0000000080003b6e (0xfaf42a23) mem 0x80025ec4 0x8000500d
core   0: 0x0000000080003b72 (0xfbc42783) lw      a5, -68(s0)
3 0x0000000080003b72 (0xfbc42783) x15 0x800037e8 mem 0x80025ecc
core   0: 0x0000000080003b76 (0xfb842583) lw      a1, -72(s0)
3 0x0000000080003b76 (0xfb842583) x11 0x00000000 mem 0x80025ec8
core   0: 0x0000000080003b7a (0x00008526) c.mv    a0, s1
3 0x0000000080003b7a (0x8526) x10 0x00000072
core   0: 0x0000000080003b7c (0x00009782) c.jalr  a5
3 0x0000000080003b7c (0x9782) x 1 0x80003b7e
core   0: 0x00000000800037e8 (0x00001101) c.addi  sp, -32
3 0x00000000800037e8 (0x1101) x 2 0x80025ea0
core   0: 0x00000000800037ea (0x0000ce06) c.swsp  ra, 28(sp)
3 0x00000000800037ea (0xce06) mem 0x80025ebc 0x80003b7e
core   0: 0x00000000800037ec (0x0000cc22) c.swsp  s0, 24(sp)
3 0x00000000800037ec (0xcc22) mem 0x80025eb8 0x80025f10
core   0: 0x00000000800037ee (0x00001000) c.addi4spn s0, sp, 32
3 0x00000000800037ee (0x1000) x 8 0x80025ec0
core   0: 0x00000000800037f0 (0xfea42623) sw      a0, -20(s0)
3 0x00000000800037f0 (0xfea42623) mem 0x80025eac 0x00000072
core   0: 0x00000000800037f4 (0x08022783) lw      a5, 128(tp)
3 0x00000000800037f4 (0x08022783) x15 0x0000000b mem 0x800060c0
core   0: 0x00000000800037f8 (0x00178693) addi    a3, a5, 1
3 0x00000000800037f8 (0x00178693) x13 0x0000000c
core   0: 0x00000000800037fc (0x08d22023) sw      a3, 128(tp)
3 0x00000000800037fc (0x08d22023) mem 0x800060c0 0x0000000c
core   0: 0x0000000080003800 (0xfec42703) lw      a4, -20(s0)
3 0x0000000080003800 (0xfec42703) x14 0x00000072 mem 0x80025eac
core   0: 0x0000000080003804 (0x0ff77713) andi    a4, a4, 255
3 0x0000000080003804 (0x0ff77713) x14 0x00000072
core   0: 0x0000000080003808 (0x04020693) addi    a3, tp, 64
3 0x0000000080003808 (0x04020693) x13 0x80006080
core   0: 0x000000008000380c (0x000097b6) c.add   a5, a3
3 0x000000008000380c (0x97b6) x15 0x8000608b
core   0: 0x000000008000380e (0x00e78023) sb      a4, 0(a5)
3 0x000000008000380e (0x00e78023) mem 0x8000608b 0x00000072
core   0: 0x0000000080003812 (0xfec42703) lw      a4, -20(s0)
3 0x0000000080003812 (0xfec42703) x14 0x00000072 mem 0x80025eac
core   0: 0x0000000080003816 (0x000047a9) c.li    a5, 10
3 0x0000000080003816 (0x47a9) x15 0x0000000a
core   0: 0x0000000080003818 (0x00f70863) beq     a4, a5, pc + 16
3 0x0000000080003818 (0x00f70863)
core   0: 0x000000008000381c (0x08022703) lw      a4, 128(tp)
3 0x000000008000381c (0x08022703) x14 0x0000000c mem 0x800060c0
core   0: 0x0000000080003820 (0x04000793) li      a5, 64
3 0x0000000080003820 (0x04000793) x15 0x00000040
core   0: 0x0000000080003824 (0x00f71e63) bne     a4, a5, pc + 28
3 0x0000000080003824 (0x00f71e63)
core   0: 0x0000000080003840 (0x00004781) c.li    a5, 0
3 0x0000000080003840 (0x4781) x15 0x00000000
core   0: 0x0000000080003842 (0x0000853e) c.mv    a0, a5
3 0x0000000080003842 (0x853e) x10 0x00000000
core   0: 0x0000000080003844 (0x000040f2) c.lwsp  ra, 28(sp)
3 0x0000000080003844 (0x40f2) x 1 0x80003b7e mem 0x80025ebc
core   0: 0x0000000080003846 (0x00004462) c.lwsp  s0, 24(sp)
3 0x0000000080003846 (0x4462) x 8 0x80025f10 mem 0x80025eb8
core   0: 0x0000000080003848 (0x00006105) c.addi16sp sp, 32
3 0x0000000080003848 (0x6105) x 2 0x80025ec0
core   0: 0x000000008000384a (0x00008082) ret
3 0x000000008000384a (0x8082)
core   0: 0x0000000080003b7e (0xfb442783) lw      a5, -76(s0)
3 0x0000000080003b7e (0xfb442783) x15 0x8000500d mem 0x80025ec4
core   0: 0x0000000080003b82 (0x0007c783) lbu     a5, 0(a5)
3 0x0000000080003b82 (0x0007c783) x15 0x0000006c mem 0x8000500d
core   0: 0x0000000080003b86 (0x000084be) c.mv    s1, a5
3 0x0000000080003b86 (0x84be) x 9 0x0000006c
core   0: 0x0000000080003b88 (0x02500793) li      a5, 37
3 0x0000000080003b88 (0x02500793) x15 0x00000025
core   0: 0x0000000080003b8c (0xfcf49ce3) bne     s1, a5, pc - 40
3 0x0000000080003b8c (0xfcf49ce3)
core   0: 0x0000000080003b64 (0x30048e63) beq     s1, zero, pc + 796
3 0x0000000080003b64 (0x30048e63)
core   0: 0x0000000080003b68 (0xfb442783) lw      a5, -76(s0)
3 0x0000000080003b68 (0xfb442783) x15 0x8000500d mem 0x80025ec4
core   0: 0x0000000080003b6c (0x00000785) c.addi  a5, 1
3 0x0000000080003b6c (0x0785) x15 0x8000500e
core   0: 0x0000000080003b6e (0xfaf42a23) sw      a5, -76(s0)
3 0x0000000080003b6e (0xfaf42a23) mem 0x80025ec4 0x8000500e
core   0: 0x0000000080003b72 (0xfbc42783) lw      a5, -68(s0)
3 0x0000000080003b72 (0xfbc42783) x15 0x800037e8 mem 0x80025ecc
core   0: 0x0000000080003b76 (0xfb842583) lw      a1, -72(s0)
3 0x0000000080003b76 (0xfb842583) x11 0x00000000 mem 0x80025ec8
core   0: 0x0000000080003b7a (0x00008526) c.mv    a0, s1
3 0x0000000080003b7a (0x8526) x10 0x0000006c
core   0: 0x0000000080003b7c (0x00009782) c.jalr  a5
3 0x0000000080003b7c (0x9782) x 1 0x80003b7e
core   0: 0x00000000800037e8 (0x00001101) c.addi  sp, -32
3 0x00000000800037e8 (0x1101) x 2 0x80025ea0
core   0: 0x00000000800037ea (0x0000ce06) c.swsp  ra, 28(sp)
3 0x00000000800037ea (0xce06) mem 0x80025ebc 0x80003b7e
core   0: 0x00000000800037ec (0x0000cc22) c.swsp  s0, 24(sp)
3 0x00000000800037ec (0xcc22) mem 0x80025eb8 0x80025f10
core   0: 0x00000000800037ee (0x00001000) c.addi4spn s0, sp, 32
3 0x00000000800037ee (0x1000) x 8 0x80025ec0
core   0: 0x00000000800037f0 (0xfea42623) sw      a0, -20(s0)
3 0x00000000800037f0 (0xfea42623) mem 0x80025eac 0x0000006c
core   0: 0x00000000800037f4 (0x08022783) lw      a5, 128(tp)
3 0x00000000800037f4 (0x08022783) x15 0x0000000c mem 0x800060c0
core   0: 0x00000000800037f8 (0x00178693) addi    a3, a5, 1
3 0x00000000800037f8 (0x00178693) x13 0x0000000d
core   0: 0x00000000800037fc (0x08d22023) sw      a3, 128(tp)
3 0x00000000800037fc (0x08d22023) mem 0x800060c0 0x0000000d
core   0: 0x0000000080003800 (0xfec42703) lw      a4, -20(s0)
3 0x0000000080003800 (0xfec42703) x14 0x0000006c mem 0x80025eac
core   0: 0x0000000080003804 (0x0ff77713) andi    a4, a4, 255
3 0x0000000080003804 (0x0ff77713) x14 0x0000006c
core   0: 0x0000000080003808 (0x04020693) addi    a3, tp, 64
3 0x0000000080003808 (0x04020693) x13 0x80006080
core   0: 0x000000008000380c (0x000097b6) c.add   a5, a3
3 0x000000008000380c (0x97b6) x15 0x8000608c
core   0: 0x000000008000380e (0x00e78023) sb      a4, 0(a5)
3 0x000000008000380e (0x00e78023) mem 0x8000608c 0x0000006c
core   0: 0x0000000080003812 (0xfec42703) lw      a4, -20(s0)
3 0x0000000080003812 (0xfec42703) x14 0x0000006c mem 0x80025eac
core   0: 0x0000000080003816 (0x000047a9) c.li    a5, 10
3 0x0000000080003816 (0x47a9) x15 0x0000000a
core   0: 0x0000000080003818 (0x00f70863) beq     a4, a5, pc + 16
3 0x0000000080003818 (0x00f70863)
core   0: 0x000000008000381c (0x08022703) lw      a4, 128(tp)
3 0x000000008000381c (0x08022703) x14 0x0000000d mem 0x800060c0
core   0: 0x0000000080003820 (0x04000793) li      a5, 64
3 0x0000000080003820 (0x04000793) x15 0x00000040
core   0: 0x0000000080003824 (0x00f71e63) bne     a4, a5, pc + 28
3 0x0000000080003824 (0x00f71e63)
core   0: 0x0000000080003840 (0x00004781) c.li    a5, 0
3 0x0000000080003840 (0x4781) x15 0x00000000
core   0: 0x0000000080003842 (0x0000853e) c.mv    a0, a5
3 0x0000000080003842 (0x853e) x10 0x00000000
core   0: 0x0000000080003844 (0x000040f2) c.lwsp  ra, 28(sp)
3 0x0000000080003844 (0x40f2) x 1 0x80003b7e mem 0x80025ebc
core   0: 0x0000000080003846 (0x00004462) c.lwsp  s0, 24(sp)
3 0x0000000080003846 (0x4462) x 8 0x80025f10 mem 0x80025eb8
core   0: 0x0000000080003848 (0x00006105) c.addi16sp sp, 32
3 0x0000000080003848 (0x6105) x 2 0x80025ec0
core   0: 0x000000008000384a (0x00008082) ret
3 0x000000008000384a (0x8082)
core   0: 0x0000000080003b7e (0xfb442783) lw      a5, -76(s0)
3 0x0000000080003b7e (0xfb442783) x15 0x8000500e mem 0x80025ec4
core   0: 0x0000000080003b82 (0x0007c783) lbu     a5, 0(a5)
3 0x0000000080003b82 (0x0007c783) x15 0x00000064 mem 0x8000500e
core   0: 0x0000000080003b86 (0x000084be) c.mv    s1, a5
3 0x0000000080003b86 (0x84be) x 9 0x00000064
core   0: 0x0000000080003b88 (0x02500793) li      a5, 37
3 0x0000000080003b88 (0x02500793) x15 0x00000025
core   0: 0x0000000080003b8c (0xfcf49ce3) bne     s1, a5, pc - 40
3 0x0000000080003b8c (0xfcf49ce3)
core   0: 0x0000000080003b64 (0x30048e63) beq     s1, zero, pc + 796
3 0x0000000080003b64 (0x30048e63)
core   0: 0x0000000080003b68 (0xfb442783) lw      a5, -76(s0)
3 0x0000000080003b68 (0xfb442783) x15 0x8000500e mem 0x80025ec4
core   0: 0x0000000080003b6c (0x00000785) c.addi  a5, 1
3 0x0000000080003b6c (0x0785) x15 0x8000500f
core   0: 0x0000000080003b6e (0xfaf42a23) sw      a5, -76(s0)
3 0x0000000080003b6e (0xfaf42a23) mem 0x80025ec4 0x8000500f
core   0: 0x0000000080003b72 (0xfbc42783) lw      a5, -68(s0)
3 0x0000000080003b72 (0xfbc42783) x15 0x800037e8 mem 0x80025ecc
core   0: 0x0000000080003b76 (0xfb842583) lw      a1, -72(s0)
3 0x0000000080003b76 (0xfb842583) x11 0x00000000 mem 0x80025ec8
core   0: 0x0000000080003b7a (0x00008526) c.mv    a0, s1
3 0x0000000080003b7a (0x8526) x10 0x00000064
core   0: 0x0000000080003b7c (0x00009782) c.jalr  a5
3 0x0000000080003b7c (0x9782) x 1 0x80003b7e
core   0: 0x00000000800037e8 (0x00001101) c.addi  sp, -32
3 0x00000000800037e8 (0x1101) x 2 0x80025ea0
core   0: 0x00000000800037ea (0x0000ce06) c.swsp  ra, 28(sp)
3 0x00000000800037ea (0xce06) mem 0x80025ebc 0x80003b7e
core   0: 0x00000000800037ec (0x0000cc22) c.swsp  s0, 24(sp)
3 0x00000000800037ec (0xcc22) mem 0x80025eb8 0x80025f10
core   0: 0x00000000800037ee (0x00001000) c.addi4spn s0, sp, 32
3 0x00000000800037ee (0x1000) x 8 0x80025ec0
core   0: 0x00000000800037f0 (0xfea42623) sw      a0, -20(s0)
3 0x00000000800037f0 (0xfea42623) mem 0x80025eac 0x00000064
core   0: 0x00000000800037f4 (0x08022783) lw      a5, 128(tp)
3 0x00000000800037f4 (0x08022783) x15 0x0000000d mem 0x800060c0
core   0: 0x00000000800037f8 (0x00178693) addi    a3, a5, 1
3 0x00000000800037f8 (0x00178693) x13 0x0000000e
core   0: 0x00000000800037fc (0x08d22023) sw      a3, 128(tp)
3 0x00000000800037fc (0x08d22023) mem 0x800060c0 0x0000000e
core   0: 0x0000000080003800 (0xfec42703) lw      a4, -20(s0)
3 0x0000000080003800 (0xfec42703) x14 0x00000064 mem 0x80025eac
core   0: 0x0000000080003804 (0x0ff77713) andi    a4, a4, 255
3 0x0000000080003804 (0x0ff77713) x14 0x00000064
core   0: 0x0000000080003808 (0x04020693) addi    a3, tp, 64
3 0x0000000080003808 (0x04020693) x13 0x80006080
core   0: 0x000000008000380c (0x000097b6) c.add   a5, a3
3 0x000000008000380c (0x97b6) x15 0x8000608d
core   0: 0x000000008000380e (0x00e78023) sb      a4, 0(a5)
3 0x000000008000380e (0x00e78023) mem 0x8000608d 0x00000064
core   0: 0x0000000080003812 (0xfec42703) lw      a4, -20(s0)
3 0x0000000080003812 (0xfec42703) x14 0x00000064 mem 0x80025eac
core   0: 0x0000000080003816 (0x000047a9) c.li    a5, 10
3 0x0000000080003816 (0x47a9) x15 0x0000000a
core   0: 0x0000000080003818 (0x00f70863) beq     a4, a5, pc + 16
3 0x0000000080003818 (0x00f70863)
core   0: 0x000000008000381c (0x08022703) lw      a4, 128(tp)
3 0x000000008000381c (0x08022703) x14 0x0000000e mem 0x800060c0
core   0: 0x0000000080003820 (0x04000793) li      a5, 64
3 0x0000000080003820 (0x04000793) x15 0x00000040
core   0: 0x0000000080003824 (0x00f71e63) bne     a4, a5, pc + 28
3 0x0000000080003824 (0x00f71e63)
core   0: 0x0000000080003840 (0x00004781) c.li    a5, 0
3 0x0000000080003840 (0x4781) x15 0x00000000
core   0: 0x0000000080003842 (0x0000853e) c.mv    a0, a5
3 0x0000000080003842 (0x853e) x10 0x00000000
core   0: 0x0000000080003844 (0x000040f2) c.lwsp  ra, 28(sp)
3 0x0000000080003844 (0x40f2) x 1 0x80003b7e mem 0x80025ebc
core   0: 0x0000000080003846 (0x00004462) c.lwsp  s0, 24(sp)
3 0x0000000080003846 (0x4462) x 8 0x80025f10 mem 0x80025eb8
core   0: 0x0000000080003848 (0x00006105) c.addi16sp sp, 32
3 0x0000000080003848 (0x6105) x 2 0x80025ec0
core   0: 0x000000008000384a (0x00008082) ret
3 0x000000008000384a (0x8082)
core   0: 0x0000000080003b7e (0xfb442783) lw      a5, -76(s0)
3 0x0000000080003b7e (0xfb442783) x15 0x8000500f mem 0x80025ec4
core   0: 0x0000000080003b82 (0x0007c783) lbu     a5, 0(a5)
3 0x0000000080003b82 (0x0007c783) x15 0x00000020 mem 0x8000500f
core   0: 0x0000000080003b86 (0x000084be) c.mv    s1, a5
3 0x0000000080003b86 (0x84be) x 9 0x00000020
core   0: 0x0000000080003b88 (0x02500793) li      a5, 37
3 0x0000000080003b88 (0x02500793) x15 0x00000025
core   0: 0x0000000080003b8c (0xfcf49ce3) bne     s1, a5, pc - 40
3 0x0000000080003b8c (0xfcf49ce3)
core   0: 0x0000000080003b64 (0x30048e63) beq     s1, zero, pc + 796
3 0x0000000080003b64 (0x30048e63)
core   0: 0x0000000080003b68 (0xfb442783) lw      a5, -76(s0)
3 0x0000000080003b68 (0xfb442783) x15 0x8000500f mem 0x80025ec4
core   0: 0x0000000080003b6c (0x00000785) c.addi  a5, 1
3 0x0000000080003b6c (0x0785) x15 0x80005010
core   0: 0x0000000080003b6e (0xfaf42a23) sw      a5, -76(s0)
3 0x0000000080003b6e (0xfaf42a23) mem 0x80025ec4 0x80005010
core   0: 0x0000000080003b72 (0xfbc42783) lw      a5, -68(s0)
3 0x0000000080003b72 (0xfbc42783) x15 0x800037e8 mem 0x80025ecc
core   0: 0x0000000080003b76 (0xfb842583) lw      a1, -72(s0)
3 0x0000000080003b76 (0xfb842583) x11 0x00000000 mem 0x80025ec8
core   0: 0x0000000080003b7a (0x00008526) c.mv    a0, s1
3 0x0000000080003b7a (0x8526) x10 0x00000020
core   0: 0x0000000080003b7c (0x00009782) c.jalr  a5
3 0x0000000080003b7c (0x9782) x 1 0x80003b7e
core   0: 0x00000000800037e8 (0x00001101) c.addi  sp, -32
3 0x00000000800037e8 (0x1101) x 2 0x80025ea0
core   0: 0x00000000800037ea (0x0000ce06) c.swsp  ra, 28(sp)
3 0x00000000800037ea (0xce06) mem 0x80025ebc 0x80003b7e
core   0: 0x00000000800037ec (0x0000cc22) c.swsp  s0, 24(sp)
3 0x00000000800037ec (0xcc22) mem 0x80025eb8 0x80025f10
core   0: 0x00000000800037ee (0x00001000) c.addi4spn s0, sp, 32
3 0x00000000800037ee (0x1000) x 8 0x80025ec0
core   0: 0x00000000800037f0 (0xfea42623) sw      a0, -20(s0)
3 0x00000000800037f0 (0xfea42623) mem 0x80025eac 0x00000020
core   0: 0x00000000800037f4 (0x08022783) lw      a5, 128(tp)
3 0x00000000800037f4 (0x08022783) x15 0x0000000e mem 0x800060c0
core   0: 0x00000000800037f8 (0x00178693) addi    a3, a5, 1
3 0x00000000800037f8 (0x00178693) x13 0x0000000f
core   0: 0x00000000800037fc (0x08d22023) sw      a3, 128(tp)
3 0x00000000800037fc (0x08d22023) mem 0x800060c0 0x0000000f
core   0: 0x0000000080003800 (0xfec42703) lw      a4, -20(s0)
3 0x0000000080003800 (0xfec42703) x14 0x00000020 mem 0x80025eac
core   0: 0x0000000080003804 (0x0ff77713) andi    a4, a4, 255
3 0x0000000080003804 (0x0ff77713) x14 0x00000020
core   0: 0x0000000080003808 (0x04020693) addi    a3, tp, 64
3 0x0000000080003808 (0x04020693) x13 0x80006080
core   0: 0x000000008000380c (0x000097b6) c.add   a5, a3
3 0x000000008000380c (0x97b6) x15 0x8000608e
core   0: 0x000000008000380e (0x00e78023) sb      a4, 0(a5)
3 0x000000008000380e (0x00e78023) mem 0x8000608e 0x00000020
core   0: 0x0000000080003812 (0xfec42703) lw      a4, -20(s0)
3 0x0000000080003812 (0xfec42703) x14 0x00000020 mem 0x80025eac
core   0: 0x0000000080003816 (0x000047a9) c.li    a5, 10
3 0x0000000080003816 (0x47a9) x15 0x0000000a
core   0: 0x0000000080003818 (0x00f70863) beq     a4, a5, pc + 16
3 0x0000000080003818 (0x00f70863)
core   0: 0x000000008000381c (0x08022703) lw      a4, 128(tp)
3 0x000000008000381c (0x08022703) x14 0x0000000f mem 0x800060c0
core   0: 0x0000000080003820 (0x04000793) li      a5, 64
3 0x0000000080003820 (0x04000793) x15 0x00000040
core   0: 0x0000000080003824 (0x00f71e63) bne     a4, a5, pc + 28
3 0x0000000080003824 (0x00f71e63)
core   0: 0x0000000080003840 (0x00004781) c.li    a5, 0
3 0x0000000080003840 (0x4781) x15 0x00000000
core   0: 0x0000000080003842 (0x0000853e) c.mv    a0, a5
3 0x0000000080003842 (0x853e) x10 0x00000000
core   0: 0x0000000080003844 (0x000040f2) c.lwsp  ra, 28(sp)
3 0x0000000080003844 (0x40f2) x 1 0x80003b7e mem 0x80025ebc
core   0: 0x0000000080003846 (0x00004462) c.lwsp  s0, 24(sp)
3 0x0000000080003846 (0x4462) x 8 0x80025f10 mem 0x80025eb8
core   0: 0x0000000080003848 (0x00006105) c.addi16sp sp, 32
3 0x0000000080003848 (0x6105) x 2 0x80025ec0
core   0: 0x000000008000384a (0x00008082) ret
3 0x000000008000384a (0x8082)
core   0: 0x0000000080003b7e (0xfb442783) lw      a5, -76(s0)
3 0x0000000080003b7e (0xfb442783) x15 0x80005010 mem 0x80025ec4
core   0: 0x0000000080003b82 (0x0007c783) lbu     a5, 0(a5)
3 0x0000000080003b82 (0x0007c783) x15 0x00000021 mem 0x80005010
core   0: 0x0000000080003b86 (0x000084be) c.mv    s1, a5
3 0x0000000080003b86 (0x84be) x 9 0x00000021
core   0: 0x0000000080003b88 (0x02500793) li      a5, 37
3 0x0000000080003b88 (0x02500793) x15 0x00000025
core   0: 0x0000000080003b8c (0xfcf49ce3) bne     s1, a5, pc - 40
3 0x0000000080003b8c (0xfcf49ce3)
core   0: 0x0000000080003b64 (0x30048e63) beq     s1, zero, pc + 796
3 0x0000000080003b64 (0x30048e63)
core   0: 0x0000000080003b68 (0xfb442783) lw      a5, -76(s0)
3 0x0000000080003b68 (0xfb442783) x15 0x80005010 mem 0x80025ec4
core   0: 0x0000000080003b6c (0x00000785) c.addi  a5, 1
3 0x0000000080003b6c (0x0785) x15 0x80005011
core   0: 0x0000000080003b6e (0xfaf42a23) sw      a5, -76(s0)
3 0x0000000080003b6e (0xfaf42a23) mem 0x80025ec4 0x80005011
core   0: 0x0000000080003b72 (0xfbc42783) lw      a5, -68(s0)
3 0x0000000080003b72 (0xfbc42783) x15 0x800037e8 mem 0x80025ecc
core   0: 0x0000000080003b76 (0xfb842583) lw      a1, -72(s0)
3 0x0000000080003b76 (0xfb842583) x11 0x00000000 mem 0x80025ec8
core   0: 0x0000000080003b7a (0x00008526) c.mv    a0, s1
3 0x0000000080003b7a (0x8526) x10 0x00000021
core   0: 0x0000000080003b7c (0x00009782) c.jalr  a5
3 0x0000000080003b7c (0x9782) x 1 0x80003b7e
core   0: 0x00000000800037e8 (0x00001101) c.addi  sp, -32
3 0x00000000800037e8 (0x1101) x 2 0x80025ea0
core   0: 0x00000000800037ea (0x0000ce06) c.swsp  ra, 28(sp)
3 0x00000000800037ea (0xce06) mem 0x80025ebc 0x80003b7e
core   0: 0x00000000800037ec (0x0000cc22) c.swsp  s0, 24(sp)
3 0x00000000800037ec (0xcc22) mem 0x80025eb8 0x80025f10
core   0: 0x00000000800037ee (0x00001000) c.addi4spn s0, sp, 32
3 0x00000000800037ee (0x1000) x 8 0x80025ec0
core   0: 0x00000000800037f0 (0xfea42623) sw      a0, -20(s0)
3 0x00000000800037f0 (0xfea42623) mem 0x80025eac 0x00000021
core   0: 0x00000000800037f4 (0x08022783) lw      a5, 128(tp)
3 0x00000000800037f4 (0x08022783) x15 0x0000000f mem 0x800060c0
core   0: 0x00000000800037f8 (0x00178693) addi    a3, a5, 1
3 0x00000000800037f8 (0x00178693) x13 0x00000010
core   0: 0x00000000800037fc (0x08d22023) sw      a3, 128(tp)
3 0x00000000800037fc (0x08d22023) mem 0x800060c0 0x00000010
core   0: 0x0000000080003800 (0xfec42703) lw      a4, -20(s0)
3 0x0000000080003800 (0xfec42703) x14 0x00000021 mem 0x80025eac
core   0: 0x0000000080003804 (0x0ff77713) andi    a4, a4, 255
3 0x0000000080003804 (0x0ff77713) x14 0x00000021
core   0: 0x0000000080003808 (0x04020693) addi    a3, tp, 64
3 0x0000000080003808 (0x04020693) x13 0x80006080
core   0: 0x000000008000380c (0x000097b6) c.add   a5, a3
3 0x000000008000380c (0x97b6) x15 0x8000608f
core   0: 0x000000008000380e (0x00e78023) sb      a4, 0(a5)
3 0x000000008000380e (0x00e78023) mem 0x8000608f 0x00000021
core   0: 0x0000000080003812 (0xfec42703) lw      a4, -20(s0)
3 0x0000000080003812 (0xfec42703) x14 0x00000021 mem 0x80025eac
core   0: 0x0000000080003816 (0x000047a9) c.li    a5, 10
3 0x0000000080003816 (0x47a9) x15 0x0000000a
core   0: 0x0000000080003818 (0x00f70863) beq     a4, a5, pc + 16
3 0x0000000080003818 (0x00f70863)
core   0: 0x000000008000381c (0x08022703) lw      a4, 128(tp)
3 0x000000008000381c (0x08022703) x14 0x00000010 mem 0x800060c0
core   0: 0x0000000080003820 (0x04000793) li      a5, 64
3 0x0000000080003820 (0x04000793) x15 0x00000040
core   0: 0x0000000080003824 (0x00f71e63) bne     a4, a5, pc + 28
3 0x0000000080003824 (0x00f71e63)
core   0: 0x0000000080003840 (0x00004781) c.li    a5, 0
3 0x0000000080003840 (0x4781) x15 0x00000000
core   0: 0x0000000080003842 (0x0000853e) c.mv    a0, a5
3 0x0000000080003842 (0x853e) x10 0x00000000
core   0: 0x0000000080003844 (0x000040f2) c.lwsp  ra, 28(sp)
3 0x0000000080003844 (0x40f2) x 1 0x80003b7e mem 0x80025ebc
core   0: 0x0000000080003846 (0x00004462) c.lwsp  s0, 24(sp)
3 0x0000000080003846 (0x4462) x 8 0x80025f10 mem 0x80025eb8
core   0: 0x0000000080003848 (0x00006105) c.addi16sp sp, 32
3 0x0000000080003848 (0x6105) x 2 0x80025ec0
core   0: 0x000000008000384a (0x00008082) ret
3 0x000000008000384a (0x8082)
core   0: 0x0000000080003b7e (0xfb442783) lw      a5, -76(s0)
3 0x0000000080003b7e (0xfb442783) x15 0x80005011 mem 0x80025ec4
core   0: 0x0000000080003b82 (0x0007c783) lbu     a5, 0(a5)
3 0x0000000080003b82 (0x0007c783) x15 0x00000000 mem 0x80005011
core   0: 0x0000000080003b86 (0x000084be) c.mv    s1, a5
3 0x0000000080003b86 (0x84be) x 9 0x00000000
core   0: 0x0000000080003b88 (0x02500793) li      a5, 37
3 0x0000000080003b88 (0x02500793) x15 0x00000025
core   0: 0x0000000080003b8c (0xfcf49ce3) bne     s1, a5, pc - 40
3 0x0000000080003b8c (0xfcf49ce3)
core   0: 0x0000000080003b64 (0x30048e63) beq     s1, zero, pc + 796
3 0x0000000080003b64 (0x30048e63)
core   0: 0x0000000080003e80 (0x00000001) c.nop
3 0x0000000080003e80 (0x0001)
core   0: 0x0000000080003e82 (0x000040b6) c.lwsp  ra, 76(sp)
3 0x0000000080003e82 (0x40b6) x 1 0x80003ed4 mem 0x80025f0c
core   0: 0x0000000080003e84 (0x00004426) c.lwsp  s0, 72(sp)
3 0x0000000080003e84 (0x4426) x 8 0x80025f40 mem 0x80025f08
core   0: 0x0000000080003e86 (0x00004496) c.lwsp  s1, 68(sp)
3 0x0000000080003e86 (0x4496) x 9 0x80025fc0 mem 0x80025f04
core   0: 0x0000000080003e88 (0x00004906) c.lwsp  s2, 64(sp)
3 0x0000000080003e88 (0x4906) x18 0x00000000 mem 0x80025f00
core   0: 0x0000000080003e8a (0x00006161) c.addi16sp sp, 80
3 0x0000000080003e8a (0x6161) x 2 0x80025f10
core   0: 0x0000000080003e8c (0x00008082) ret
3 0x0000000080003e8c (0x8082)
core   0: 0x0000000080003ed4 (0x00004781) c.li    a5, 0
3 0x0000000080003ed4 (0x4781) x15 0x00000000
core   0: 0x0000000080003ed6 (0x0000853e) c.mv    a0, a5
3 0x0000000080003ed6 (0x853e) x10 0x00000000
core   0: 0x0000000080003ed8 (0x000050b2) c.lwsp  ra, 44(sp)
3 0x0000000080003ed8 (0x50b2) x 1 0x8000301e mem 0x80025f3c
core   0: 0x0000000080003eda (0x00005422) c.lwsp  s0, 40(sp)
3 0x0000000080003eda (0x5422) x 8 0x80025f90 mem 0x80025f38
core   0: 0x0000000080003edc (0x00006161) c.addi16sp sp, 80
3 0x0000000080003edc (0x6161) x 2 0x80025f60
core   0: 0x0000000080003ede (0x00008082) ret
3 0x0000000080003ede (0x8082)
core   0: 0x000000008000301e (0xfe042623) sw      zero, -20(s0)
3 0x000000008000301e (0xfe042623) mem 0x80025f7c 0x00000000
core   0: 0x0000000080003022 (0xfe042423) sw      zero, -24(s0)
3 0x0000000080003022 (0xfe042423) mem 0x80025f78 0x00000000
core   0: 0x0000000080003026 (0x0000a829) c.j     pc + 26
3 0x0000000080003026 (0xa829)
core   0: 0x0000000080003040 (0xfe842703) lw      a4, -24(s0)
3 0x0000000080003040 (0xfe842703) x14 0x00000000 mem 0x80025f78
core   0: 0x0000000080003044 (0x00004791) c.li    a5, 4
3 0x0000000080003044 (0x4791) x15 0x00000004
core   0: 0x0000000080003046 (0xfee7d1e3) bge     a5, a4, pc - 30
3 0x0000000080003046 (0xfee7d1e3)
core   0: 0x0000000080003028 (0xfec42703) lw      a4, -20(s0)
3 0x0000000080003028 (0xfec42703) x14 0x00000000 mem 0x80025f7c
core   0: 0x000000008000302c (0xfe842783) lw      a5, -24(s0)
3 0x000000008000302c (0xfe842783) x15 0x00000000 mem 0x80025f78
core   0: 0x0000000080003030 (0x000097ba) c.add   a5, a4
3 0x0000000080003030 (0x97ba) x15 0x00000000
core   0: 0x0000000080003032 (0xfef42623) sw      a5, -20(s0)
3 0x0000000080003032 (0xfef42623) mem 0x80025f7c 0x00000000
core   0: 0x0000000080003036 (0xfe842783) lw      a5, -24(s0)
3 0x0000000080003036 (0xfe842783) x15 0x00000000 mem 0x80025f78
core   0: 0x000000008000303a (0x00000785) c.addi  a5, 1
3 0x000000008000303a (0x0785) x15 0x00000001
core   0: 0x000000008000303c (0xfef42423) sw      a5, -24(s0)
3 0x000000008000303c (0xfef42423) mem 0x80025f78 0x00000001
core   0: 0x0000000080003040 (0xfe842703) lw      a4, -24(s0)
3 0x0000000080003040 (0xfe842703) x14 0x00000001 mem 0x80025f78
core   0: 0x0000000080003044 (0x00004791) c.li    a5, 4
3 0x0000000080003044 (0x4791) x15 0x00000004
core   0: 0x0000000080003046 (0xfee7d1e3) bge     a5, a4, pc - 30
3 0x0000000080003046 (0xfee7d1e3)
core   0: 0x0000000080003028 (0xfec42703) lw      a4, -20(s0)
3 0x0000000080003028 (0xfec42703) x14 0x00000000 mem 0x80025f7c
core   0: 0x000000008000302c (0xfe842783) lw      a5, -24(s0)
3 0x000000008000302c (0xfe842783) x15 0x00000001 mem 0x80025f78
core   0: 0x0000000080003030 (0x000097ba) c.add   a5, a4
3 0x0000000080003030 (0x97ba) x15 0x00000001
core   0: 0x0000000080003032 (0xfef42623) sw      a5, -20(s0)
3 0x0000000080003032 (0xfef42623) mem 0x80025f7c 0x00000001
core   0: 0x0000000080003036 (0xfe842783) lw      a5, -24(s0)
3 0x0000000080003036 (0xfe842783) x15 0x00000001 mem 0x80025f78
core   0: 0x000000008000303a (0x00000785) c.addi  a5, 1
3 0x000000008000303a (0x0785) x15 0x00000002
core   0: 0x000000008000303c (0xfef42423) sw      a5, -24(s0)
3 0x000000008000303c (0xfef42423) mem 0x80025f78 0x00000002
core   0: 0x0000000080003040 (0xfe842703) lw      a4, -24(s0)
3 0x0000000080003040 (0xfe842703) x14 0x00000002 mem 0x80025f78
core   0: 0x0000000080003044 (0x00004791) c.li    a5, 4
3 0x0000000080003044 (0x4791) x15 0x00000004
core   0: 0x0000000080003046 (0xfee7d1e3) bge     a5, a4, pc - 30
3 0x0000000080003046 (0xfee7d1e3)
core   0: 0x0000000080003028 (0xfec42703) lw      a4, -20(s0)
3 0x0000000080003028 (0xfec42703) x14 0x00000001 mem 0x80025f7c
core   0: 0x000000008000302c (0xfe842783) lw      a5, -24(s0)
3 0x000000008000302c (0xfe842783) x15 0x00000002 mem 0x80025f78
core   0: 0x0000000080003030 (0x000097ba) c.add   a5, a4
3 0x0000000080003030 (0x97ba) x15 0x00000003
core   0: 0x0000000080003032 (0xfef42623) sw      a5, -20(s0)
3 0x0000000080003032 (0xfef42623) mem 0x80025f7c 0x00000003
core   0: 0x0000000080003036 (0xfe842783) lw      a5, -24(s0)
3 0x0000000080003036 (0xfe842783) x15 0x00000002 mem 0x80025f78
core   0: 0x000000008000303a (0x00000785) c.addi  a5, 1
3 0x000000008000303a (0x0785) x15 0x00000003
core   0: 0x000000008000303c (0xfef42423) sw      a5, -24(s0)
3 0x000000008000303c (0xfef42423) mem 0x80025f78 0x00000003
core   0: 0x0000000080003040 (0xfe842703) lw      a4, -24(s0)
3 0x0000000080003040 (0xfe842703) x14 0x00000003 mem 0x80025f78
core   0: 0x0000000080003044 (0x00004791) c.li    a5, 4
3 0x0000000080003044 (0x4791) x15 0x00000004
core   0: 0x0000000080003046 (0xfee7d1e3) bge     a5, a4, pc - 30
3 0x0000000080003046 (0xfee7d1e3)
core   0: 0x0000000080003028 (0xfec42703) lw      a4, -20(s0)
3 0x0000000080003028 (0xfec42703) x14 0x00000003 mem 0x80025f7c
core   0: 0x000000008000302c (0xfe842783) lw      a5, -24(s0)
3 0x000000008000302c (0xfe842783) x15 0x00000003 mem 0x80025f78
core   0: 0x0000000080003030 (0x000097ba) c.add   a5, a4
3 0x0000000080003030 (0x97ba) x15 0x00000006
core   0: 0x0000000080003032 (0xfef42623) sw      a5, -20(s0)
3 0x0000000080003032 (0xfef42623) mem 0x80025f7c 0x00000006
core   0: 0x0000000080003036 (0xfe842783) lw      a5, -24(s0)
3 0x0000000080003036 (0xfe842783) x15 0x00000003 mem 0x80025f78
core   0: 0x000000008000303a (0x00000785) c.addi  a5, 1
3 0x000000008000303a (0x0785) x15 0x00000004
core   0: 0x000000008000303c (0xfef42423) sw      a5, -24(s0)
3 0x000000008000303c (0xfef42423) mem 0x80025f78 0x00000004
core   0: 0x0000000080003040 (0xfe842703) lw      a4, -24(s0)
3 0x0000000080003040 (0xfe842703) x14 0x00000004 mem 0x80025f78
core   0: 0x0000000080003044 (0x00004791) c.li    a5, 4
3 0x0000000080003044 (0x4791) x15 0x00000004
core   0: 0x0000000080003046 (0xfee7d1e3) bge     a5, a4, pc - 30
3 0x0000000080003046 (0xfee7d1e3)
core   0: 0x0000000080003028 (0xfec42703) lw      a4, -20(s0)
3 0x0000000080003028 (0xfec42703) x14 0x00000006 mem 0x80025f7c
core   0: 0x000000008000302c (0xfe842783) lw      a5, -24(s0)
3 0x000000008000302c (0xfe842783) x15 0x00000004 mem 0x80025f78
core   0: 0x0000000080003030 (0x000097ba) c.add   a5, a4
3 0x0000000080003030 (0x97ba) x15 0x0000000a
core   0: 0x0000000080003032 (0xfef42623) sw      a5, -20(s0)
3 0x0000000080003032 (0xfef42623) mem 0x80025f7c 0x0000000a
core   0: 0x0000000080003036 (0xfe842783) lw      a5, -24(s0)
3 0x0000000080003036 (0xfe842783) x15 0x00000004 mem 0x80025f78
core   0: 0x000000008000303a (0x00000785) c.addi  a5, 1
3 0x000000008000303a (0x0785) x15 0x00000005
core   0: 0x000000008000303c (0xfef42423) sw      a5, -24(s0)
3 0x000000008000303c (0xfef42423) mem 0x80025f78 0x00000005
core   0: 0x0000000080003040 (0xfe842703) lw      a4, -24(s0)
3 0x0000000080003040 (0xfe842703) x14 0x00000005 mem 0x80025f78
core   0: 0x0000000080003044 (0x00004791) c.li    a5, 4
3 0x0000000080003044 (0x4791) x15 0x00000004
core   0: 0x0000000080003046 (0xfee7d1e3) bge     a5, a4, pc - 30
3 0x0000000080003046 (0xfee7d1e3)
core   0: 0x000000008000304a (0x00004781) c.li    a5, 0
3 0x000000008000304a (0x4781) x15 0x00000000
core   0: 0x000000008000304c (0x0000853e) c.mv    a0, a5
3 0x000000008000304c (0x853e) x10 0x00000000
core   0: 0x000000008000304e (0x000050b2) c.lwsp  ra, 44(sp)
3 0x000000008000304e (0x50b2) x 1 0x80003718 mem 0x80025f8c
core   0: 0x0000000080003050 (0x00005422) c.lwsp  s0, 40(sp)
3 0x0000000080003050 (0x5422) x 8 0x80026040 mem 0x80025f88
core   0: 0x0000000080003052 (0x00006145) c.addi16sp sp, 48
3 0x0000000080003052 (0x6145) x 2 0x80025f90
core   0: 0x0000000080003054 (0x00008082) ret
3 0x0000000080003054 (0x8082)
core   0: 0x0000000080003718 (0xfea42223) sw      a0, -28(s0)
3 0x0000000080003718 (0xfea42223) mem 0x80026024 0x00000000
core   0: 0x000000008000371c (0xfe942623) sw      s1, -20(s0)
3 0x000000008000371c (0xfe942623) mem 0x8002602c 0x80025fc0
core   0: 0x0000000080003720 (0xfe042423) sw      zero, -24(s0)
3 0x0000000080003720 (0xfe042423) mem 0x80026028 0x00000000
core   0: 0x0000000080003724 (0x0000a095) c.j     pc + 100
3 0x0000000080003724 (0xa095)
core   0: 0x0000000080003788 (0xfe842703) lw      a4, -24(s0)
3 0x0000000080003788 (0xfe842703) x14 0x00000000 mem 0x80026028
core   0: 0x000000008000378c (0x00004785) c.li    a5, 1
3 0x000000008000378c (0x4785) x15 0x00000001
core   0: 0x000000008000378e (0xf8e7dce3) bge     a5, a4, pc - 104
3 0x000000008000378e (0xf8e7dce3)
core   0: 0x0000000080003726 (0x00003717) auipc   a4, 0x3
3 0x0000000080003726 (0x00003717) x14 0x80006726
core   0: 0x000000008000372a (0x8da70713) addi    a4, a4, -1830
3 0x000000008000372a (0x8da70713) x14 0x80006000
core   0: 0x000000008000372e (0xfe842783) lw      a5, -24(s0)
3 0x000000008000372e (0xfe842783) x15 0x00000000 mem 0x80026028
core   0: 0x0000000080003732 (0x0000078a) c.slli  a5, 2
3 0x0000000080003732 (0x078a) x15 0x00000000
core   0: 0x0000000080003734 (0x000097ba) c.add   a5, a4
3 0x0000000080003734 (0x97ba) x15 0x80006000
core   0: 0x0000000080003736 (0x0000439c) c.lw    a5, 0(a5)
3 0x0000000080003736 (0x439c) x15 0x00000000 mem 0x80006000
core   0: 0x0000000080003738 (0x0000c3b9) c.beqz  a5, pc + 70
3 0x0000000080003738 (0xc3b9)
core   0: 0x000000008000377e (0xfe842783) lw      a5, -24(s0)
3 0x000000008000377e (0xfe842783) x15 0x00000000 mem 0x80026028
core   0: 0x0000000080003782 (0x00000785) c.addi  a5, 1
3 0x0000000080003782 (0x0785) x15 0x00000001
core   0: 0x0000000080003784 (0xfef42423) sw      a5, -24(s0)
3 0x0000000080003784 (0xfef42423) mem 0x80026028 0x00000001
core   0: 0x0000000080003788 (0xfe842703) lw      a4, -24(s0)
3 0x0000000080003788 (0xfe842703) x14 0x00000001 mem 0x80026028
core   0: 0x000000008000378c (0x00004785) c.li    a5, 1
3 0x000000008000378c (0x4785) x15 0x00000001
core   0: 0x000000008000378e (0xf8e7dce3) bge     a5, a4, pc - 104
3 0x000000008000378e (0xf8e7dce3)
core   0: 0x0000000080003726 (0x00003717) auipc   a4, 0x3
3 0x0000000080003726 (0x00003717) x14 0x80006726
core   0: 0x000000008000372a (0x8da70713) addi    a4, a4, -1830
3 0x000000008000372a (0x8da70713) x14 0x80006000
core   0: 0x000000008000372e (0xfe842783) lw      a5, -24(s0)
3 0x000000008000372e (0xfe842783) x15 0x00000001 mem 0x80026028
core   0: 0x0000000080003732 (0x0000078a) c.slli  a5, 2
3 0x0000000080003732 (0x078a) x15 0x00000004
core   0: 0x0000000080003734 (0x000097ba) c.add   a5, a4
3 0x0000000080003734 (0x97ba) x15 0x80006004
core   0: 0x0000000080003736 (0x0000439c) c.lw    a5, 0(a5)
3 0x0000000080003736 (0x439c) x15 0x00000000 mem 0x80006004
core   0: 0x0000000080003738 (0x0000c3b9) c.beqz  a5, pc + 70
3 0x0000000080003738 (0xc3b9)
core   0: 0x000000008000377e (0xfe842783) lw      a5, -24(s0)
3 0x000000008000377e (0xfe842783) x15 0x00000001 mem 0x80026028
core   0: 0x0000000080003782 (0x00000785) c.addi  a5, 1
3 0x0000000080003782 (0x0785) x15 0x00000002
core   0: 0x0000000080003784 (0xfef42423) sw      a5, -24(s0)
3 0x0000000080003784 (0xfef42423) mem 0x80026028 0x00000002
core   0: 0x0000000080003788 (0xfe842703) lw      a4, -24(s0)
3 0x0000000080003788 (0xfe842703) x14 0x00000002 mem 0x80026028
core   0: 0x000000008000378c (0x00004785) c.li    a5, 1
3 0x000000008000378c (0x4785) x15 0x00000001
core   0: 0x000000008000378e (0xf8e7dce3) bge     a5, a4, pc - 104
3 0x000000008000378e (0xf8e7dce3)
core   0: 0x0000000080003792 (0xfec42783) lw      a5, -20(s0)
3 0x0000000080003792 (0xfec42783) x15 0x80025fc0 mem 0x8002602c
core   0: 0x0000000080003796 (0x00f48463) beq     s1, a5, pc + 8
3 0x0000000080003796 (0x00f48463)
core   0: 0x000000008000379e (0xfe442503) lw      a0, -28(s0)
3 0x000000008000379e (0xfe442503) x10 0x00000000 mem 0x80026024
core   0: 0x00000000800037a2 (0x00003d1d) c.jal   pc - 458
3 0x00000000800037a2 (0x3d1d) x 1 0x800037a4
core   0: 0x00000000800035d8 (0x00001101) c.addi  sp, -32
3 0x00000000800035d8 (0x1101) x 2 0x80025f70
core   0: 0x00000000800035da (0x0000ce06) c.swsp  ra, 28(sp)
3 0x00000000800035da (0xce06) mem 0x80025f8c 0x800037a4
core   0: 0x00000000800035dc (0x0000cc22) c.swsp  s0, 24(sp)
3 0x00000000800035dc (0xcc22) mem 0x80025f88 0x80026040
core   0: 0x00000000800035de (0x00001000) c.addi4spn s0, sp, 32
3 0x00000000800035de (0x1000) x 8 0x80025f90
core   0: 0x00000000800035e0 (0xfea42623) sw      a0, -20(s0)
3 0x00000000800035e0 (0xfea42623) mem 0x80025f7c 0x00000000
core   0: 0x00000000800035e4 (0xfec42783) lw      a5, -20(s0)
3 0x00000000800035e4 (0xfec42783) x15 0x00000000 mem 0x80025f7c
core   0: 0x00000000800035e8 (0x0000853e) c.mv    a0, a5
3 0x00000000800035e8 (0x853e) x10 0x00000000
core   0: 0x00000000800035ea (0x00003f41) c.jal   pc - 112
3 0x00000000800035ea (0x3f41) x 1 0x800035ec
core   0: 0x000000008000357a (0x00001101) c.addi  sp, -32
3 0x000000008000357a (0x1101) x 2 0x80025f50
core   0: 0x000000008000357c (0x0000ce22) c.swsp  s0, 28(sp)
3 0x000000008000357c (0xce22) mem 0x80025f6c 0x80025f90
core   0: 0x000000008000357e (0x00001000) c.addi4spn s0, sp, 32
3 0x000000008000357e (0x1000) x 8 0x80025f70
core   0: 0x0000000080003580 (0xfea42623) sw      a0, -20(s0)
3 0x0000000080003580 (0xfea42623) mem 0x80025f5c 0x00000000
core   0: 0x0000000080003584 (0xfec42583) lw      a1, -20(s0)
3 0x0000000080003584 (0xfec42583) x11 0x00000000 mem 0x80025f5c
core   0: 0x0000000080003588 (0x0000882e) c.mv    a6, a1
3 0x0000000080003588 (0x882e) x16 0x00000000
core   0: 0x000000008000358a (0x00004881) c.li    a7, 0
3 0x000000008000358a (0x4881) x17 0x00000000
core   0: 0x000000008000358c (0x00f85693) srli    a3, a6, 15
3 0x000000008000358c (0x00f85693) x13 0x00000000
core   0: 0x0000000080003590 (0x01181613) slli    a2, a6, 17
3 0x0000000080003590 (0x01181613) x12 0x00000000
core   0: 0x0000000080003594 (0x01069593) slli    a1, a3, 16
3 0x0000000080003594 (0x01069593) x11 0x00000000
core   0: 0x0000000080003598 (0x01065713) srli    a4, a2, 16
3 0x0000000080003598 (0x01065713) x14 0x00000000
core   0: 0x000000008000359c (0x00008f4d) c.or    a4, a1
3 0x000000008000359c (0x8f4d) x14 0x00000000
core   0: 0x000000008000359e (0x0106d793) srli    a5, a3, 16
3 0x000000008000359e (0x0106d793) x15 0x00000000
core   0: 0x00000000800035a2 (0x00176313) ori     t1, a4, 1
3 0x00000000800035a2 (0x00176313) x 6 0x00000001
core   0: 0x00000000800035a6 (0x0007e393) ori     t2, a5, 0
3 0x00000000800035a6 (0x0007e393) x 7 0x00000000
core   0: 0x00000000800035aa (0xffffe797) auipc   a5, 0xffffe
3 0x00000000800035aa (0xffffe797) x15 0x800015aa
core   0: 0x00000000800035ae (0xa5678793) addi    a5, a5, -1450
3 0x00000000800035ae (0xa5678793) x15 0x80001000
core   0: 0x00000000800035b2 (0x0067a023) sw      t1, 0(a5)
3 0x00000000800035b2 (0x0067a023) mem 0x80001000 0x00000001
core   0: 0x00000000800035b6 (0x0077a223) sw      t2, 4(a5)
3 0x00000000800035b6 (0x0077a223) mem 0x80001004 0x00000000
core   0: 0x00000000800035ba (0x00000001) c.nop
3 0x00000000800035ba (0x0001)
